PRAGMA foreign_keys=OFF;
BEGIN TRANSACTION;
CREATE TABLE IF NOT EXISTS "raw_verses" (
"id" INTEGER,
  "file_name" TEXT,
  "date_of_writing" DATE,
  "title" TEXT,
  "verses" TEXT
);
INSERT INTO "raw_verses" VALUES(1,'avva.html','2012-01-16','Авва','
Авва,
зачем высыхает небо?
Проступает соль?
И каждому, иногда совсем не в меру,
бросают в открытую рану веры
щепотку - для сохранения веры боль?

Авва,
как рождается забота Ребекки
для тех, кто не может поднять веки,
испечь пару окраин хлеба
с тем же горчайшим привкусом неба -
Все той же потери боль?

Откуда у сына берутся силы
сплести из бедренной жилы
кротчайшего нрава
гулко звучащее слово -
"Авва"?

Скажи мне,
чтобы утихла боль...
');
INSERT INTO "raw_verses" VALUES(2,'bachinichego.html','2011-02-08','Бах и ничего лишнего','
Пятый еванглелист? Нет, работяга!
Для него земля рождала чертополох.
Вообще-то, в хозяйстве, Бах был скряга,
Ничего лишнего: орган, звук, Бог.

Бах был о себе скромного мнения,
Ни сага, ни эпос, так - эпизод;
Не знал, что высота его пения
Звучит в октаве нагорных высот.

Он марал бумагу для инструмента,
Который еще не изобретен -
Есть в его музыке два-три момента,
Когда человек впрямь преодолен.

Из цеха творцов он был самый нищий
Духом, а иногда и впрямь убог:
Где хочет в медной трубе свищет,
Ничего лишнего: Бах, орган, Бог.
');
INSERT INTO "raw_verses" VALUES(3,'gdeyarostnej.html','2012-08-11','Где яростней тоска?','
Где яростней тоска?
Где можно ей упиться
И потерять сознание от силы,
Что влекла ахейцев в Трою?

Дойти до края ойкумены,
Стоять и слушать, как скрепит
Прибрежных душ оснастка
В приливе жизни и смертей.

Здесь пьешь из бирюзовых волн,
И бьёшься всей судьбой
О самое подножие столбов,
Отметивших предел героя.

Нам нужен край, чтоб очертить себя,
И сделать выход за границы круга,
Отхлынуть от Геракловых столбов,
Туда, где царствуют другие боги.

Мне жаль, что взгляд не гнется,
Как человек под тяжестью вины,
Иначе выход был бы ясен –
Продеть себя в петельку горизонта.
');
INSERT INTO "raw_verses" VALUES(4,'izsna.html','2012-03-19','Из сна река Аида вдруг меня','
Из сна река Аида вдруг меня,
как рыбу, бросила на брег,
того, что есть твердыней дня,
и вспомнил я, что человек
лишь горб. Себя сгибать.
');
INSERT INTO "raw_verses" VALUES(5,'lepestok.html','2003-01-08','Лепесток','
Проснись. Уж солнце завершило круг.
И дзенский мастер рисовой похлёбкой
Встречает братию, сих божьих слуг,
Зари фарфоровой, слепой и робкой.

Приноровившись к тяжести земли,
Два лепестка упали в воду кадки.
Весна пришла… И если б мы могли
Так узнавать судьбы своей повадки.

Но звук свирели не вернуть в тростник,
Как смерть не вырубить из человека.
Вишнёвый лепесток к воде приник,
Как нищий к сумке и к земле калека.
');
INSERT INTO "raw_verses" VALUES(6,'mysl.html','2014-06-01','Мысль – молния','
Мысль – молния.
Но в разных пустотах:

в гулких гитарного кузова сводах,
воздвигнутых массой в душе;

или в тех ненаписанных одах,
когда перебит
грифельный столб в карандаше.

Беда не делает своды крепче,
смертью пахнет карбид труда -
и дьявольски прав Шаламов:

каков бы ни был грех адамов,
от рвани подошв до луковиц храмов,
тебя сшивает,
в беды самый разгар,
мыслить в развилках молнии дар.
');
INSERT INTO "raw_verses" VALUES(7,'obmorok.html','2021-07-15','Обморок','
Простая оптика.
Смотришь на
тысячу форм одного облака,
и знаешь:
небо не отражается на земле.
Эта быль - прозаика опыт.

Но есть
опрокинутость людей
в обморок свободы,
которая, все же,
касательна небосвода.

Ты о чем, то бишь?

Об извлечении корня
из минус единицы,
когда уподобишь
троллейбусные провода
прожилкам на неба
роговице.

Из заочности извлекай
большеротого корня О.
Да, рыба дышит привольней
на берегу -
так работает Дарвина
ремесло.

А еще,
чтобы мои дар-вина -
кубический корень,
который из я:
или,
как рыба небыли -
были отпущены на мели;
или,
как облако были -
стали ничьи.
');
INSERT INTO "raw_verses" VALUES(8,'schet.html','2021-06-21','Счет','
Сон, который тебя видит,
вода, которая тебя пьет,
время, которое тебя счет -

ты шаг человека, лежащего навзничь,
ибо здесь небо читается наоборот:
тесАп тялЕт Обен - небо телят пасет,
хребет коня сложен из бревен,
и под камень все то же небо
в тот час неровен
течет.

Когда поменяешь местами,
местами переберешь
четыре буквы в слове
ручья,
чур я,
по плану,
истцом для птицы,
цевьем для ключицы,
без репетиций
стану
местоблюстителем словаря.

Буквы человека читают -
здесь снова наоборот:

Баюкают, славят, хаят,
болтают, латают, летят, -
как бы там ни было
раскрывают,
как створчатый короб
на берегу океана,

а иногда просто считают,
что это выход и вход
для времени, которое тебя
счет.
');
INSERT INTO "raw_verses" VALUES(9,'shershava.html','2014-06-19','Шершава Мойры шерсть','
Шершава Мойры шерсть - течет с веретена,
О губы ссохшиеся бъются волны речи;
Как стеклодуву - флейта, тяжести - предплечье,
Полуденная передышка нам дана.

Конь пьет ковыль. Виолончели сруб оглох.
Превозмогая в лоб упрямство дней баранье,
Изъять из времени, но сохранить дыханье,
И дать горнилу речи первозданный вздох.

Не мыкаться смычку по конским волосам,
Здесь Айса надорвет натруженные нити,
Дыханье, пауза - и смерть стоит в зените:
И преподносит губку творческим губам.
');
INSERT INTO "raw_verses" VALUES(10,'skvoznjak.html','2021-05-26','Сквозняк','
Заварочный чайник без крышки,
рассыпчата соль по столу.
Эти вещи круглы, как цитаты Шекспира,
как крылышки бабочки стерты в труху,
стоит словить вспорхнувшую мысль
в ладони раздумья.

Нас трусами делает надежда,
убирая из замысла погрешность,
благодаря которой, между мной и мной
существует узор несовпадения -
благая вещь для всякого рукоделия
вшивать нитку в оконный проем.

Угловая квартира простыла,
сквозняк ищет органа трубу,
натыкается лишь на пустую судьбу,
и, злясь по каждому пустяку,
сдувая открытых окон худобу,
ломает геометрию крыш.
');
INSERT INTO "raw_verses" VALUES(11,'sobytije.html','2021-10-17','Событие','
Событие - это из ряда вон:
срыв голоса на чердаке нотного ряда;
зияние между приставкой и корнем,
напиханное отрубями, словами, мятой;
спотыкание мантры о повторение;
Одновременный вид лица и затылка,
на шлифовальном станке зрения.

О - амфора для содержания - хра:
эссенция хрипа, чтобы присыпать
из ребра вытекающий,
бреющий от края до края,
пугающий, бающий, тлеющий,
К старой газете прилипший, желтеющий
Со - хрящик надломленный - бытия.

Ты пережевывал вечность во время оно:
на вкус - спирт, зерно, бумага, кислая медь,
но сегодня вкус остуствтует в опыте -
Забились небесные трубы жиром и копотью,
Тошнота наплывает ворванью к горлу,
упаси боже от такого сытого корма,
Ржа - вертится на языке - веть.

Эхо требует уха.
По - краю, открою, узнаю - вторение:
я прихожу к себе издалека -
это услуга двойного словоупотребления.
И не хватит никакого слуха, когда,
выпадая из ряда вон, в ухо входит
эха транспортный эшелон.
');
INSERT INTO "raw_verses" VALUES(12,'solomennoje.html','2016-04-21','Соломенское ухо','
В старом Киеве, в закупоренных дворах,
слух бродит:

как вкус и его груши -
без детей скисают плоды;
как страх и его старик -
к нему не приедет дочь.

Тяга к ушедшей эпохе открыла сквозные ходы -
ворсистой памяти уши.

Остановись и слушай…

Вот подъезд:
где-то гремят посудой,
ступени сгибают колени - тяга идет вверх,
и лепит забота лица,
поигрывая на клавишах-половицах.

Это не облезлая краска сквозного хода,
а дактилоскопия рога, сквозь который дует тревога:
что начертишь на обрывке свободы
такой же увечной, как лучезарное ухо Ван Гога?

Киев глохнет. И вечером
выгружаешь улов натруженной улитки:
стена дореволюционной плитки,
весна, простуженная на балконе,
мокрые от собачьего носа ладони.

И две створки слуха, раскрытые в той каморке,
где прямиком на задворки выходит
старого дома
ухо.
');
INSERT INTO "raw_verses" VALUES(13,'suicide.html','2016-01-13','Suicide','
Стекая по клину осеннего сплина,
из влаги простуженной цедишь по капле
для последней записки на огрызке бумаги
чернила обкусанных букв.
Жест убийства всегда неуклюж:
дождь замирает, увидев пропажу,
стоит украсть отражение неба
из павших на землю луж.
И столь же заметна кража строя
из тела натруженной горем лиры,
стоит улечься саже на глаз
вскрытой ракушки мира.
');
INSERT INTO "raw_verses" VALUES(14,'svetnevechernij.html','2012-03-19','Свет невечерний','
Свет невечерний. Тело раскололось так,
что вдоль него упали ветви ивы,
и заиграли хор.
Мы – в пустоте коробочки, которой мак,
себя сжимает на ветру пугливо –
и есть простор,
расцветший изнутри приютом мёртвых ос.
Нас сеют в мир… Что вспоминает пепел,
выжженных полей?
Босые ноги, небо, близость летних гроз?
И, может, человека. Этот лепет,
Привесок для вещей,
но без него: сквозь невпопад
как говорить?
');
INSERT INTO "raw_verses" VALUES(15,'taklegko.html','2011-05-15','Так легко быть на птичьих правах','
Так легко быть на птичьих правах -
Для пичужек и Царствие ближе:
Рано утром щебечет в ушах,
Небо ласточку длит и колышет
В колыбели прозрений и туч,
А к полудню касатка-разиня
Расплескает на землю сургуч -
Сизоокого неба твердыню.

Ты не хочешь стоять на своем,
И не больше ассария стоишь,
И свой жизненный окоем
Из обмолвок и перышек строишь,
И как только подует слегка,
И коснется воробушка-слуха,
Ты очнешься, и станет тоска
Легче легкого птичьего пуха.

Так легко быть на птичьих правах,
И суглинком питаться из лужицы,
И смотреть, как испуганный Бах
Бьется в трубах органа и кружится,
И пернатая эта хвала
На расцветшую ветку горчицы,
Где пичужка шалашик сплела,
Вдруг усядется и разговорится.
');
INSERT INTO "raw_verses" VALUES(16,'toskavrubelja.html','2012-04-11','Бывает утро, подобно картине Врубеля','
Бывает утро, подобно картине Врубеля,
когда ты видишь свою постель смятой и нищей,
нарисованной серым карандашом
такой безмерной тоски,
что жила Иакова, подобно стрелке компаса,
сама вытягивается
в руки Архангела.

Ты оглядываешься на простынь,
как змея на свою кожу,
еще хранящую отпечатки глаз.
А в глазах Богоматери - все так же тоска,
и Она вечно оплакивает своего младенца,
спасающего мир.

Наверное, человеку надо слишком много,
Чтобы понять собственную нищету.

Сегодня утро страстного дня.
Время стоит.
И совсем неочевидно,
что из этой безумной дали
придет воскресение...
');
INSERT INTO "raw_verses" VALUES(17,'totegipetskij.html','2012-04-15','Тот египетский ангел первый свершил','
Тот египетский ангел первый свершил
прыжок веры. Чтобы казнить одних
и без меры мучать других,
как из скалы, высекая из них
гулкую пустоту веры.
Если Кьеркегор называл себя опиской
на разума сиреневом списке,
то как быть нам?

Если все зыбко и нет слова,
в котором можно совершить ошибку,
и нет олова покаяния,
чтобы влить его в душу,
и, ничего не нарушив,
запечатлеть…

Монастырь, высеченный в скале,
скрижали, высеченные в сердце,
закат, высеченный в небе,
душа, высеченная в теле.

Так ангел убирает лишнее,
чтобы создать извилины рога,
в котором будешь блуждать сорок лет,
а может, без срока,

и кормиться из рук Бога -
ибо там, где пустота,
Больше ничего нет.
');
INSERT INTO "raw_verses" VALUES(18,'tribute.html','2012-11-06','Трибьют Алексею Крученых','
День означает петь, а ночь - ре.
Ночь минор в распаянных трубках полдня
гудит как мускулистый провод
натянутый разговор
между пятилеткой и городом
между корнем и окончанием
существительного чрево опасно
трех согласных внегласное совещание
где окончание  -  жзл:
величие расстрелянных гласных.

Каждый из них служил
гласным в управлении антител.
Когда наступил кромешного ре
новодел, остался один зачин:
хорошо темперированный строй
из кирпичей - "ничей", из гвоздей - "брось",
голубой глины раствора - "пой",
о''рган осуществления - орга''н
гармошки, набранной из а и у -
треснувшей, алеутской, губной.

Вопреки всем согласным
Шипящим, свистящим, щемящим
Сквозь пустоты разъятых тире
Сложноподчиненное трение
Как медный провод зияет
оборванный голос ненастного ре:
"дыр бул щыл убешщур" -
Корни протерты до дыр,
И  рифмы грядущий прищур целит
в подзорные
звуки
органа.
');
INSERT INTO "raw_verses" VALUES(19,'tyest.html','2012-08-07','Ты есть, пока от головы до пят','
Ты есть, пока от головы до пят
судьба прикладывает к ране мира тебя,
чтоб исцелить тоску.

В крови у смертных сильный яд.
Елена лишь предлог и наважденье -
все дело в сплаве:

Тоски звучащей на лакрийский лад,
оливковой души в космической оправе
и ветра алчущего жертвы,
чтобы дуть.

Платон не прав.
В пещере открывает суть
лишь тот, кто знает шелест перемен.

Тоска цветет средь пряных трав,
где голову дурманит дух измен
и расставаний.

Но кто способен жажду погасить
волной и выпрямить бараний рог
своей судьбы,
тот с радостью встречает
измененья.

Когда в костре золою
опадут поленья,
сойдет твой лик,
и потеряет зренье
в тебя смотрящий
огненный зенит -

узнаешь, кто ты есть
в сухом остатке.
');
INSERT INTO "raw_verses" VALUES(20,'veshchi.html','2016-05-15','Вещи, из которых изъяли бога','
Вещи, из которых изъяли бога,
как себя они будут длить?

Гаснет:
вечный огонь в хрусталике глаза,
сонный бадьян на дне кружки,
надежда, в карманах скупых домов,
газ в наростах венозных труб.

Изъян -
это то, чего нет:
пустоты разомкнутых губ.

Но через них -
легковесное слово о том,
как цокает копытом
по цинковой крыше дождя
заброшенный дом.

Стоит высверлить бога
из трубчатой мысли,
чтобы создать пустоту,
которой дышит трубач,
изобретающий звук “у”.

Картезий ошибся. Вещи не про-
тяженные, а про
то, что теперь:

жесть, очертившая в пустоте ведро,
выплеснула меня за дверь
длиться на умытом асфальте,
как в мае дождливый день.
');
INSERT INTO "raw_verses" VALUES(21,'vsamoy.html','2011-12-22','В самой сердцевине зимы','
В самой сердцевине зимы,
которую выгрызла белка, пусто и гулко,
и так же тоскливо, как у Замятина в "Мы".

Но все же:
как муха, бъется в стекло секундная стрелка,
солнце в тулупе идет на прогулку,
ноет к весне место декабрьского перелома,
и надежа открывает оконце
на самом верху многоэтжного дома,
в котором и я живу.
');
INSERT INTO "raw_verses" VALUES(22,'za.html','2021-07-17','За. Трибьют футуристам','
За каждым за:
заноза, зазноба, заоба -
запружена зрения злоба
зоркими заусенцами
за.

Гроза, гусеница, стрекоза -
Фасеточный невод для глаза,
из заводи зауми
зачерпнувшего
за.

Заодно.
Дно, с покатыми склонами О.
Когда поднимаешься в гору,
открывается гла -
глаголящий эхом,
лазурный ладом,
пространства гладом
завершие глаза
за.

Забыть.
Быть за:
по воду заброду за лету -
Запить из затоки
заскорузлую йоту:
забыть
и задумать
заново
за.
');
CREATE TABLE id_word (id_word INT, word VARCHAR(255), 
FOREIGN KEY(id_word) REFERENCES raw_versese(id));
INSERT INTO "id_word" VALUES(11,'словоупотребления');
INSERT INTO "id_word" VALUES(6,'разных');
INSERT INTO "id_word" VALUES(18,'брось');
INSERT INTO "id_word" VALUES(20,'бадьян');
INSERT INTO "id_word" VALUES(1,'веры');
INSERT INTO "id_word" VALUES(1,'во');
INSERT INTO "id_word" VALUES(1,'мне');
INSERT INTO "id_word" VALUES(2,'так');
INSERT INTO "id_word" VALUES(1,'для');
INSERT INTO "id_word" VALUES(18,'корни');
INSERT INTO "id_word" VALUES(3,'душ');
INSERT INTO "id_word" VALUES(21,'которую');
INSERT INTO "id_word" VALUES(2,'еванглелист');
INSERT INTO "id_word" VALUES(16,'безмерной');
INSERT INTO "id_word" VALUES(19,'наважденье');
INSERT INTO "id_word" VALUES(12,'дореволюционной');
INSERT INTO "id_word" VALUES(18,'управлении');
INSERT INTO "id_word" VALUES(15,'утром');
INSERT INTO "id_word" VALUES(17,'пока');
INSERT INTO "id_word" VALUES(6,'беда');
INSERT INTO "id_word" VALUES(6,'делает');
INSERT INTO "id_word" VALUES(22,'фасеточный');
INSERT INTO "id_word" VALUES(8,'бревен');
INSERT INTO "id_word" VALUES(10,'столу');
INSERT INTO "id_word" VALUES(8,'коня');
INSERT INTO "id_word" VALUES(1,'ребекки');
INSERT INTO "id_word" VALUES(22,'покатыми');
INSERT INTO "id_word" VALUES(1,'сына');
INSERT INTO "id_word" VALUES(12,'облезлая');
INSERT INTO "id_word" VALUES(12,'сквозные');
INSERT INTO "id_word" VALUES(14,'невечерний');
INSERT INTO "id_word" VALUES(7,'отражается');
INSERT INTO "id_word" VALUES(15,'пичужка');
INSERT INTO "id_word" VALUES(10,'мысль');
INSERT INTO "id_word" VALUES(3,'тяжестью');
INSERT INTO "id_word" VALUES(10,'вшивать');
INSERT INTO "id_word" VALUES(12,'ворсистой');
INSERT INTO "id_word" VALUES(9,'мыкаться');
INSERT INTO "id_word" VALUES(12,'памяти');
INSERT INTO "id_word" VALUES(18,'щыл');
INSERT INTO "id_word" VALUES(9,'стоит');
INSERT INTO "id_word" VALUES(17,'свершил');
INSERT INTO "id_word" VALUES(3,'жизни');
INSERT INTO "id_word" VALUES(19,'дурманит');
INSERT INTO "id_word" VALUES(16,'бывает');
INSERT INTO "id_word" VALUES(1,'на');
INSERT INTO "id_word" VALUES(10,'вещь');
INSERT INTO "id_word" VALUES(16,'нищету');
INSERT INTO "id_word" VALUES(15,'стоять');
INSERT INTO "id_word" VALUES(16,'своего');
INSERT INTO "id_word" VALUES(6,'разгар');
INSERT INTO "id_word" VALUES(18,'шипящим');
INSERT INTO "id_word" VALUES(7,'дарвина');
INSERT INTO "id_word" VALUES(16,'человеку');
INSERT INTO "id_word" VALUES(5,'земли');
INSERT INTO "id_word" VALUES(11,'мантры');
INSERT INTO "id_word" VALUES(22,'гору');
INSERT INTO "id_word" VALUES(9,'дней');
INSERT INTO "id_word" VALUES(16,'серым');
INSERT INTO "id_word" VALUES(1,'открытую');
INSERT INTO "id_word" VALUES(14,'том');
INSERT INTO "id_word" VALUES(5,'солнце');
INSERT INTO "id_word" VALUES(21,'замятина');
INSERT INTO "id_word" VALUES(7,'кубический');
INSERT INTO "id_word" VALUES(1,'о');
INSERT INTO "id_word" VALUES(8,'хаят');
INSERT INTO "id_word" VALUES(15,'легче');
INSERT INTO "id_word" VALUES(3,'петельку');
INSERT INTO "id_word" VALUES(22,'затоки');
INSERT INTO "id_word" VALUES(10,'крыш');
INSERT INTO "id_word" VALUES(17,'скале');
INSERT INTO "id_word" VALUES(1,'может');
INSERT INTO "id_word" VALUES(12,'дактилоскопия');
INSERT INTO "id_word" VALUES(3,'столб');
INSERT INTO "id_word" VALUES(16,'богоматери');
INSERT INTO "id_word" VALUES(20,'длить');
INSERT INTO "id_word" VALUES(8,'хребет');
INSERT INTO "id_word" VALUES(20,'цокает');
INSERT INTO "id_word" VALUES(2,'был');
INSERT INTO "id_word" VALUES(22,'заодно');
INSERT INTO "id_word" VALUES(13,'глаз');
INSERT INTO "id_word" VALUES(17,'других');
INSERT INTO "id_word" VALUES(7,'мели');
INSERT INTO "id_word" VALUES(11,'небе');
INSERT INTO "id_word" VALUES(11,'пережевывал');
INSERT INTO "id_word" VALUES(17,'покаяния');
INSERT INTO "id_word" VALUES(11,'копотью');
INSERT INTO "id_word" VALUES(2,'он');
INSERT INTO "id_word" VALUES(17,'сиреневом');
INSERT INTO "id_word" VALUES(19,'остатке');
INSERT INTO "id_word" VALUES(16,'слишком');
INSERT INTO "id_word" VALUES(12,'улитки');
INSERT INTO "id_word" VALUES(7,'рог');
INSERT INTO "id_word" VALUES(6,'храмов');
INSERT INTO "id_word" VALUES(9,'губам');
INSERT INTO "id_word" VALUES(8,'переберешь');
INSERT INTO "id_word" VALUES(9,'вздох');
INSERT INTO "id_word" VALUES(2,'бог');
INSERT INTO "id_word" VALUES(22,'забыть');
INSERT INTO "id_word" VALUES(2,'знал');
INSERT INTO "id_word" VALUES(18,'пятилеткой');
INSERT INTO "id_word" VALUES(9,'губ');
INSERT INTO "id_word" VALUES(10,'труху');
INSERT INTO "id_word" VALUES(3,'можно');
INSERT INTO "id_word" VALUES(11,'отрубями');
INSERT INTO "id_word" VALUES(14,'ветру');
INSERT INTO "id_word" VALUES(13,'последней');
INSERT INTO "id_word" VALUES(9,'речи');
INSERT INTO "id_word" VALUES(6,'пустота');
INSERT INTO "id_word" VALUES(1,'под');
INSERT INTO "id_word" VALUES(15,'трубах');
INSERT INTO "id_word" VALUES(12,'створки');
INSERT INTO "id_word" VALUES(11,'голос');
INSERT INTO "id_word" VALUES(1,'все');
INSERT INTO "id_word" VALUES(9,'надо');
INSERT INTO "id_word" VALUES(1,'ре');
INSERT INTO "id_word" VALUES(1,'привкусом');
INSERT INTO "id_word" VALUES(2,'творцов');
INSERT INTO "id_word" VALUES(15,'прозрений');
INSERT INTO "id_word" VALUES(11,'краю');
INSERT INTO "id_word" VALUES(19,'души');
INSERT INTO "id_word" VALUES(9,'волны');
INSERT INTO "id_word" VALUES(11,'эшелон');
INSERT INTO "id_word" VALUES(19,'космической');
INSERT INTO "id_word" VALUES(3,'отхлынуть');
INSERT INTO "id_word" VALUES(7,'ты');
INSERT INTO "id_word" VALUES(16,'жила');
INSERT INTO "id_word" VALUES(11,'никакого');
INSERT INTO "id_word" VALUES(14,'заиграли');
INSERT INTO "id_word" VALUES(10,'пустую');
INSERT INTO "id_word" VALUES(2,'себе');
INSERT INTO "id_word" VALUES(13,'цедишь');
INSERT INTO "id_word" VALUES(16,'страстного');
INSERT INTO "id_word" VALUES(9,'нити');
INSERT INTO "id_word" VALUES(11,'надломленный');
INSERT INTO "id_word" VALUES(11,'медь');
INSERT INTO "id_word" VALUES(18,'городом');
INSERT INTO "id_word" VALUES(17,'скрижали');
INSERT INTO "id_word" VALUES(3,'сознание');
INSERT INTO "id_word" VALUES(16,'компаса');
INSERT INTO "id_word" VALUES(2,'для');
INSERT INTO "id_word" VALUES(3,'самое');
INSERT INTO "id_word" VALUES(15,'царствие');
INSERT INTO "id_word" VALUES(20,'кружки');
INSERT INTO "id_word" VALUES(6,'труда');
INSERT INTO "id_word" VALUES(11,'зияние');
INSERT INTO "id_word" VALUES(3,'волн');
INSERT INTO "id_word" VALUES(15,'суглинком');
INSERT INTO "id_word" VALUES(1,'чтоб');
INSERT INTO "id_word" VALUES(1,'рану');
INSERT INTO "id_word" VALUES(1,'сплести');
INSERT INTO "id_word" VALUES(10,'рук');
INSERT INTO "id_word" VALUES(18,'гласным');
INSERT INTO "id_word" VALUES(22,'заново');
INSERT INTO "id_word" VALUES(4,'бросила');
INSERT INTO "id_word" VALUES(13,'мир');
INSERT INTO "id_word" VALUES(7,'знаешь');
INSERT INTO "id_word" VALUES(4,'горб');
INSERT INTO "id_word" VALUES(11,'трубы');
INSERT INTO "id_word" VALUES(18,'сложноподчиненное');
INSERT INTO "id_word" VALUES(14,'приютом');
INSERT INTO "id_word" VALUES(7,'свободы');
INSERT INTO "id_word" VALUES(2,'рождала');
INSERT INTO "id_word" VALUES(9,'полуденная');
INSERT INTO "id_word" VALUES(11,'веть');
INSERT INTO "id_word" VALUES(9,'баранье');
INSERT INTO "id_word" VALUES(12,'старом');
INSERT INTO "id_word" VALUES(12,'собачьего');
INSERT INTO "id_word" VALUES(12,'половицах');
INSERT INTO "id_word" VALUES(9,'мойры');
INSERT INTO "id_word" VALUES(19,'бараний');
INSERT INTO "id_word" VALUES(12,'подъезд');
INSERT INTO "id_word" VALUES(13,'обкусанных');
INSERT INTO "id_word" VALUES(19,'способен');
INSERT INTO "id_word" VALUES(19,'открывает');
INSERT INTO "id_word" VALUES(9,'ковыль');
INSERT INTO "id_word" VALUES(9,'айса');
INSERT INTO "id_word" VALUES(3,'ей');
INSERT INTO "id_word" VALUES(2,'ты');
INSERT INTO "id_word" VALUES(14,'вспоминает');
INSERT INTO "id_word" VALUES(9,'сохранить');
INSERT INTO "id_word" VALUES(21,'надежа');
INSERT INTO "id_word" VALUES(1,'и');
INSERT INTO "id_word" VALUES(22,'зазноба');
INSERT INTO "id_word" VALUES(7,'прожилкам');
INSERT INTO "id_word" VALUES(10,'натыкается');
INSERT INTO "id_word" VALUES(8,'летят');
INSERT INTO "id_word" VALUES(16,'видишь');
INSERT INTO "id_word" VALUES(20,'очертившая');
INSERT INTO "id_word" VALUES(7,'прозаика');
INSERT INTO "id_word" VALUES(16,'неочевидно');
INSERT INTO "id_word" VALUES(19,'суть');
INSERT INTO "id_word" VALUES(9,'сруб');
INSERT INTO "id_word" VALUES(4,'сгибать');
INSERT INTO "id_word" VALUES(21,'оконце');
INSERT INTO "id_word" VALUES(1,'в');
INSERT INTO "id_word" VALUES(6,'массой');
INSERT INTO "id_word" VALUES(7,'быль');
INSERT INTO "id_word" VALUES(2,'орга');
INSERT INTO "id_word" VALUES(7,'облако');
INSERT INTO "id_word" VALUES(8,'букв');
INSERT INTO "id_word" VALUES(6,'карбид');
INSERT INTO "id_word" VALUES(2,'преодолен');
INSERT INTO "id_word" VALUES(2,'инструмента');
INSERT INTO "id_word" VALUES(6,'грех');
INSERT INTO "id_word" VALUES(8,'створчатый');
INSERT INTO "id_word" VALUES(16,'змея');
INSERT INTO "id_word" VALUES(15,'легко');
INSERT INTO "id_word" VALUES(5,'калека');
INSERT INTO "id_word" VALUES(2,'человек');
INSERT INTO "id_word" VALUES(15,'смотреть');
INSERT INTO "id_word" VALUES(3,'границы');
INSERT INTO "id_word" VALUES(12,'выгружаешь');
INSERT INTO "id_word" VALUES(1,'все');
INSERT INTO "id_word" VALUES(1,'хлеба');
INSERT INTO "id_word" VALUES(22,'зачерпнувшего');
INSERT INTO "id_word" VALUES(3,'потерять');
INSERT INTO "id_word" VALUES(18,'целит');
INSERT INTO "id_word" VALUES(1,'веки');
INSERT INTO "id_word" VALUES(3,'упиться');
INSERT INTO "id_word" VALUES(2,'высота');
INSERT INTO "id_word" VALUES(3,'столбов');
INSERT INTO "id_word" VALUES(3,'бьёшься');
INSERT INTO "id_word" VALUES(6,'пахнет');
INSERT INTO "id_word" VALUES(17,'казнить');
INSERT INTO "id_word" VALUES(3,'как');
INSERT INTO "id_word" VALUES(22,'йоту');
INSERT INTO "id_word" VALUES(5,'могли');
INSERT INTO "id_word" VALUES(18,'голубой');
INSERT INTO "id_word" VALUES(5,'пришла');
INSERT INTO "id_word" VALUES(10,'существует');
INSERT INTO "id_word" VALUES(4,'река');
INSERT INTO "id_word" VALUES(14,'гроз');
INSERT INTO "id_word" VALUES(12,'тревога');
INSERT INTO "id_word" VALUES(19,'крови');
INSERT INTO "id_word" VALUES(13,'заметна');
INSERT INTO "id_word" VALUES(18,'величие');
INSERT INTO "id_word" VALUES(2,'из');
INSERT INTO "id_word" VALUES(19,'оправе');
INSERT INTO "id_word" VALUES(14,'мёртвых');
INSERT INTO "id_word" VALUES(17,'кьеркегор');
INSERT INTO "id_word" VALUES(8,'обен');
INSERT INTO "id_word" VALUES(3,'нужен');
INSERT INTO "id_word" VALUES(15,'хвала');
INSERT INTO "id_word" VALUES(7,'который');
INSERT INTO "id_word" VALUES(11,'хрящик');
INSERT INTO "id_word" VALUES(22,'запить');
INSERT INTO "id_word" VALUES(12,'открыла');
INSERT INTO "id_word" VALUES(14,'сжимает');
INSERT INTO "id_word" VALUES(19,'лик');
INSERT INTO "id_word" VALUES(19,'тоска');
INSERT INTO "id_word" VALUES(22,'запружена');
INSERT INTO "id_word" VALUES(6,'мысли');
INSERT INTO "id_word" VALUES(10,'эти');
INSERT INTO "id_word" VALUES(16,'тоски');
INSERT INTO "id_word" VALUES(12,'хода');
INSERT INTO "id_word" VALUES(6,'перебит');
INSERT INTO "id_word" VALUES(12,'скисают');
INSERT INTO "id_word" VALUES(15,'коснется');
INSERT INTO "id_word" VALUES(10,'органа');
INSERT INTO "id_word" VALUES(18,'вопреки');
INSERT INTO "id_word" VALUES(17,'первый');
INSERT INTO "id_word" VALUES(6,'подошв');
INSERT INTO "id_word" VALUES(16,'простынь');
INSERT INTO "id_word" VALUES(19,'опадут');
INSERT INTO "id_word" VALUES(3,'другие');
INSERT INTO "id_word" VALUES(1,'с');
INSERT INTO "id_word" VALUES(22,'задумать');
INSERT INTO "id_word" VALUES(19,'потеряет');
INSERT INTO "id_word" VALUES(2,'где');
INSERT INTO "id_word" VALUES(10,'которой');
INSERT INTO "id_word" VALUES(9,'дыханье');
INSERT INTO "id_word" VALUES(15,'вдруг');
INSERT INTO "id_word" VALUES(2,'не');
INSERT INTO "id_word" VALUES(10,'между');
INSERT INTO "id_word" VALUES(14,'тело');
INSERT INTO "id_word" VALUES(13,'клину');
INSERT INTO "id_word" VALUES(11,'событие');
INSERT INTO "id_word" VALUES(18,'алеутской');
INSERT INTO "id_word" VALUES(14,'пепел');
INSERT INTO "id_word" VALUES(19,'сухом');
INSERT INTO "id_word" VALUES(10,'благодаря');
INSERT INTO "id_word" VALUES(21,'ноет');
INSERT INTO "id_word" VALUES(19,'сойдет');
INSERT INTO "id_word" VALUES(16,'смятой');
INSERT INTO "id_word" VALUES(3,'влекла');
INSERT INTO "id_word" VALUES(18,'прищур');
INSERT INTO "id_word" VALUES(10,'бабочки');
INSERT INTO "id_word" VALUES(16,'собственную');
INSERT INTO "id_word" VALUES(11,'упаси');
INSERT INTO "id_word" VALUES(19,'смотрящий');
INSERT INTO "id_word" VALUES(5,'рисовой');
INSERT INTO "id_word" VALUES(9,'дне');
INSERT INTO "id_word" VALUES(7,'об');
INSERT INTO "id_word" VALUES(18,'кирпичей');
INSERT INTO "id_word" VALUES(1,'утихла');
INSERT INTO "id_word" VALUES(7,'мои');
INSERT INTO "id_word" VALUES(13,'сплина');
INSERT INTO "id_word" VALUES(10,'заварочный');
INSERT INTO "id_word" VALUES(17,'совершить');
INSERT INTO "id_word" VALUES(2,'хозяйстве');
INSERT INTO "id_word" VALUES(20,'изобретающий');
INSERT INTO "id_word" VALUES(14,'пустоте');
INSERT INTO "id_word" VALUES(11,'вон');
INSERT INTO "id_word" VALUES(13,'дождь');
INSERT INTO "id_word" VALUES(12,'плитки');
INSERT INTO "id_word" VALUES(1,'сохранения');
INSERT INTO "id_word" VALUES(8,'камень');
INSERT INTO "id_word" VALUES(5,'лепестка');
INSERT INTO "id_word" VALUES(7,'опыт');
INSERT INTO "id_word" VALUES(13,'горем');
INSERT INTO "id_word" VALUES(18,'жзл');
INSERT INTO "id_word" VALUES(13,'землю');
INSERT INTO "id_word" VALUES(18,'минор');
INSERT INTO "id_word" VALUES(9,'губы');
INSERT INTO "id_word" VALUES(11,'мятой');
INSERT INTO "id_word" VALUES(19,'узнаешь');
INSERT INTO "id_word" VALUES(15,'окоем');
INSERT INTO "id_word" VALUES(8,'час');
INSERT INTO "id_word" VALUES(7,'единицы');
INSERT INTO "id_word" VALUES(1,'в');
INSERT INTO "id_word" VALUES(2,'музыке');
INSERT INTO "id_word" VALUES(2,'марал');
INSERT INTO "id_word" VALUES(16,'стрелке');
INSERT INTO "id_word" VALUES(12,'эпохе');
INSERT INTO "id_word" VALUES(20,'изъян');
INSERT INTO "id_word" VALUES(18,'хорошо');
INSERT INTO "id_word" VALUES(18,'зияет');
INSERT INTO "id_word" VALUES(11,'хватит');
INSERT INTO "id_word" VALUES(9,'дана');
INSERT INTO "id_word" VALUES(11,'слух');
INSERT INTO "id_word" VALUES(10,'трубу');
INSERT INTO "id_word" VALUES(19,'дух');
INSERT INTO "id_word" VALUES(19,'расставаний');
INSERT INTO "id_word" VALUES(20,'трубчатой');
INSERT INTO "id_word" VALUES(16,'карандашом');
INSERT INTO "id_word" VALUES(2,'звук');
INSERT INTO "id_word" VALUES(8,'счет');
INSERT INTO "id_word" VALUES(7,'роговице');
INSERT INTO "id_word" VALUES(3,'боги');
INSERT INTO "id_word" VALUES(12,'носа');
INSERT INTO "id_word" VALUES(8,'четыре');
INSERT INTO "id_word" VALUES(12,'раскрытые');
INSERT INTO "id_word" VALUES(22,'невод');
INSERT INTO "id_word" VALUES(1,'дня');
INSERT INTO "id_word" VALUES(14,'невпопад');
INSERT INTO "id_word" VALUES(1,'испечь');
INSERT INTO "id_word" VALUES(18,'трубках');
INSERT INTO "id_word" VALUES(22,'заусенцами');
INSERT INTO "id_word" VALUES(20,'наростах');
INSERT INTO "id_word" VALUES(4,'лишь');
INSERT INTO "id_word" VALUES(7,'ничьи');
INSERT INTO "id_word" VALUES(2,'чертополох');
INSERT INTO "id_word" VALUES(5,'повадки');
INSERT INTO "id_word" VALUES(1,'каждому');
INSERT INTO "id_word" VALUES(11,'услуга');
INSERT INTO "id_word" VALUES(10,'они');
INSERT INTO "id_word" VALUES(15,'птичьих');
INSERT INTO "id_word" VALUES(19,'ветра');
INSERT INTO "id_word" VALUES(5,'сумке');
INSERT INTO "id_word" VALUES(2,'медной');
INSERT INTO "id_word" VALUES(1,'совсем');
INSERT INTO "id_word" VALUES(10,'простыла');
INSERT INTO "id_word" VALUES(17,'меры');
INSERT INTO "id_word" VALUES(12,'лучезарное');
INSERT INTO "id_word" VALUES(13,'лиры');
INSERT INTO "id_word" VALUES(2,'скряга');
INSERT INTO "id_word" VALUES(16,'сама');
INSERT INTO "id_word" VALUES(14,'мак');
INSERT INTO "id_word" VALUES(8,'сложен');
INSERT INTO "id_word" VALUES(14,'говорить');
INSERT INTO "id_word" VALUES(12,'идет');
INSERT INTO "id_word" VALUES(18,'согласных');
INSERT INTO "id_word" VALUES(1,'проступает');
INSERT INTO "id_word" VALUES(22,'заоба');
INSERT INTO "id_word" VALUES(8,'местами');
INSERT INTO "id_word" VALUES(18,'протерты');
INSERT INTO "id_word" VALUES(2,'свищет');
INSERT INTO "id_word" VALUES(21,'белка');
INSERT INTO "id_word" VALUES(10,'крылышки');
INSERT INTO "id_word" VALUES(9,'конским');
INSERT INTO "id_word" VALUES(18,'гармошки');
INSERT INTO "id_word" VALUES(12,'вечером');
INSERT INTO "id_word" VALUES(1,'тем');
INSERT INTO "id_word" VALUES(1,'потери');
INSERT INTO "id_word" VALUES(3,'или');
INSERT INTO "id_word" VALUES(12,'приедет');
INSERT INTO "id_word" VALUES(3,'стоять');
INSERT INTO "id_word" VALUES(22,'забыть');
INSERT INTO "id_word" VALUES(5,'слуг');
INSERT INTO "id_word" VALUES(3,'смертей');
INSERT INTO "id_word" VALUES(12,'сквозного');
INSERT INTO "id_word" VALUES(17,'списке');
INSERT INTO "id_word" VALUES(20,'разомкнутых');
INSERT INTO "id_word" VALUES(10,'нас');
INSERT INTO "id_word" VALUES(20,'будут');
INSERT INTO "id_word" VALUES(5,'узнавать');
INSERT INTO "id_word" VALUES(3,'оснастка');
INSERT INTO "id_word" VALUES(17,'зыбко');
INSERT INTO "id_word" VALUES(20,'копытом');
INSERT INTO "id_word" VALUES(15,'горчицы');
INSERT INTO "id_word" VALUES(12,'начертишь');
INSERT INTO "id_word" VALUES(6,'рвани');
INSERT INTO "id_word" VALUES(1,'силы');
INSERT INTO "id_word" VALUES(18,'трение');
INSERT INTO "id_word" VALUES(15,'обмолвок');
INSERT INTO "id_word" VALUES(17,'мучать');
INSERT INTO "id_word" VALUES(9,'по');
INSERT INTO "id_word" VALUES(11,'двойного');
INSERT INTO "id_word" VALUES(10,'сдувая');
INSERT INTO "id_word" VALUES(12,'натруженной');
INSERT INTO "id_word" VALUES(11,'вторение');
INSERT INTO "id_word" VALUES(11,'корнем');
INSERT INTO "id_word" VALUES(21,'самом');
INSERT INTO "id_word" VALUES(16,'оглядываешься');
INSERT INTO "id_word" VALUES(12,'ван');
INSERT INTO "id_word" VALUES(1,'б');
INSERT INTO "id_word" VALUES(11,'срыв');
INSERT INTO "id_word" VALUES(3,'вины');
INSERT INTO "id_word" VALUES(21,'зимы');
INSERT INTO "id_word" VALUES(16,'чтобы');
INSERT INTO "id_word" VALUES(20,'огонь');
INSERT INTO "id_word" VALUES(2,'чего');
INSERT INTO "id_word" VALUES(3,'ойкумены');
INSERT INTO "id_word" VALUES(8,'пьет');
INSERT INTO "id_word" VALUES(18,'трех');
INSERT INTO "id_word" VALUES(16,'время');
INSERT INTO "id_word" VALUES(18,'гудит');
INSERT INTO "id_word" VALUES(1,'кто');
INSERT INTO "id_word" VALUES(7,'касательна');
INSERT INTO "id_word" VALUES(9,'стекло');
INSERT INTO "id_word" VALUES(15,'сплела');
INSERT INTO "id_word" VALUES(9,'горнилу');
INSERT INTO "id_word" VALUES(7,'извлечении');
INSERT INTO "id_word" VALUES(15,'только');
INSERT INTO "id_word" VALUES(5,'воду');
INSERT INTO "id_word" VALUES(9,'виолончели');
INSERT INTO "id_word" VALUES(11,'приставкой');
INSERT INTO "id_word" VALUES(2,'изобретен');
INSERT INTO "id_word" VALUES(5,'весна');
INSERT INTO "id_word" VALUES(10,'лад');
INSERT INTO "id_word" VALUES(10,'ломает');
INSERT INTO "id_word" VALUES(18,'расстрелянных');
INSERT INTO "id_word" VALUES(20,'умытом');
INSERT INTO "id_word" VALUES(1,'по');
INSERT INTO "id_word" VALUES(3,'всей');
INSERT INTO "id_word" VALUES(1,'чем');
INSERT INTO "id_word" VALUES(9,'зените');
INSERT INTO "id_word" VALUES(13,'чернила');
INSERT INTO "id_word" VALUES(10,'мной');
INSERT INTO "id_word" VALUES(6,'молния');
INSERT INTO "id_word" VALUES(8,'шаг');
INSERT INTO "id_word" VALUES(20,'дождя');
INSERT INTO "id_word" VALUES(1,'авва');
INSERT INTO "id_word" VALUES(16,'понять');
INSERT INTO "id_word" VALUES(15,'сургуч');
INSERT INTO "id_word" VALUES(19,'костре');
INSERT INTO "id_word" VALUES(19,'твой');
INSERT INTO "id_word" VALUES(14,'пугливо');
INSERT INTO "id_word" VALUES(22,'завершие');
INSERT INTO "id_word" VALUES(22,'стрекоза');
INSERT INTO "id_word" VALUES(11,'бающий');
INSERT INTO "id_word" VALUES(6,'одах');
INSERT INTO "id_word" VALUES(13,'украсть');
INSERT INTO "id_word" VALUES(1,'забота');
INSERT INTO "id_word" VALUES(11,'чердаке');
INSERT INTO "id_word" VALUES(3,'жесть');
INSERT INTO "id_word" VALUES(8,'которое');
INSERT INTO "id_word" VALUES(9,'шерсть');
INSERT INTO "id_word" VALUES(20,'сонный');
INSERT INTO "id_word" VALUES(11,'эха');
INSERT INTO "id_word" VALUES(10,'всякого');
INSERT INTO "id_word" VALUES(12,'поигрывая');
INSERT INTO "id_word" VALUES(11,'амфора');
INSERT INTO "id_word" VALUES(18,'окончанием');
INSERT INTO "id_word" VALUES(9,'творческим');
INSERT INTO "id_word" VALUES(15,'правах');
INSERT INTO "id_word" VALUES(19,'головы');
INSERT INTO "id_word" VALUES(15,'стоишь');
INSERT INTO "id_word" VALUES(20,'выплеснула');
INSERT INTO "id_word" VALUES(16,'отпечатки');
INSERT INTO "id_word" VALUES(1,'его');
INSERT INTO "id_word" VALUES(18,'темперированный');
INSERT INTO "id_word" VALUES(14,'свет');
INSERT INTO "id_word" VALUES(14,'лепет');
INSERT INTO "id_word" VALUES(12,'балконе');
INSERT INTO "id_word" VALUES(2,'когда');
INSERT INTO "id_word" VALUES(22,'пространства');
INSERT INTO "id_word" VALUES(11,'зерно');
INSERT INTO "id_word" VALUES(1,'чтобы');
INSERT INTO "id_word" VALUES(8,'читают');
INSERT INTO "id_word" VALUES(4,'того');
INSERT INTO "id_word" VALUES(16,'глаза');
INSERT INTO "id_word" VALUES(12,'улов');
INSERT INTO "id_word" VALUES(2,'ищет');
INSERT INTO "id_word" VALUES(1,'пару');
INSERT INTO "id_word" VALUES(16,'вытягивается');
INSERT INTO "id_word" VALUES(5,'уж');
INSERT INTO "id_word" VALUES(7,'ремесло');
INSERT INTO "id_word" VALUES(15,'полудню');
INSERT INTO "id_word" VALUES(10,'чайник');
INSERT INTO "id_word" VALUES(3,'иначе');
INSERT INTO "id_word" VALUES(22,'каждым');
INSERT INTO "id_word" VALUES(12,'киеве');
INSERT INTO "id_word" VALUES(5,'смерть');
INSERT INTO "id_word" VALUES(3,'героя');
INSERT INTO "id_word" VALUES(11,'газете');
INSERT INTO "id_word" VALUES(5,'приноровившись');
INSERT INTO "id_word" VALUES(2,'бумагу');
INSERT INTO "id_word" VALUES(15,'эта');
INSERT INTO "id_word" VALUES(5,'братию');
INSERT INTO "id_word" VALUES(6,'своды');
INSERT INTO "id_word" VALUES(6,'адамов');
INSERT INTO "id_word" VALUES(17,'монастырь');
INSERT INTO "id_word" VALUES(15,'щебечет');
INSERT INTO "id_word" VALUES(20,'вечный');
INSERT INTO "id_word" VALUES(19,'погасить');
INSERT INTO "id_word" VALUES(8,'просто');
INSERT INTO "id_word" VALUES(20,'теперь');
INSERT INTO "id_word" VALUES(12,'ушедшей');
INSERT INTO "id_word" VALUES(8,'поменяешь');
INSERT INTO "id_word" VALUES(11,'кислая');
INSERT INTO "id_word" VALUES(18,'остался');
INSERT INTO "id_word" VALUES(19,'день');
INSERT INTO "id_word" VALUES(12,'закупоренных');
INSERT INTO "id_word" VALUES(6,'крепче');
INSERT INTO "id_word" VALUES(19,'зренье');
INSERT INTO "id_word" VALUES(2,'ухо');
INSERT INTO "id_word" VALUES(10,'геометрию');
INSERT INTO "id_word" VALUES(22,'дно');
INSERT INTO "id_word" VALUES(11,'наплывает');
INSERT INTO "id_word" VALUES(17,'сердце');
INSERT INTO "id_word" VALUES(6,'мыслить');
INSERT INTO "id_word" VALUES(19,'измен');
INSERT INTO "id_word" VALUES(7,'большеротого');
INSERT INTO "id_word" VALUES(1,'той');
INSERT INTO "id_word" VALUES(18,'оборванный');
INSERT INTO "id_word" VALUES(6,'дар');
INSERT INTO "id_word" VALUES(15,'испуганный');
INSERT INTO "id_word" VALUES(6,'пустотах');
INSERT INTO "id_word" VALUES(7,'больше');
INSERT INTO "id_word" VALUES(1,'окраин');
INSERT INTO "id_word" VALUES(11,'присыпать');
INSERT INTO "id_word" VALUES(18,'пят');
INSERT INTO "id_word" VALUES(9,'передышка');
INSERT INTO "id_word" VALUES(6,'мысль');
INSERT INTO "id_word" VALUES(15,'туч');
INSERT INTO "id_word" VALUES(1,'щепотку');
INSERT INTO "id_word" VALUES(11,'боже');
INSERT INTO "id_word" VALUES(1,'зачем');
INSERT INTO "id_word" VALUES(20,'которых');
INSERT INTO "id_word" VALUES(5,'упали');
INSERT INTO "id_word" VALUES(11,'издалека');
INSERT INTO "id_word" VALUES(13,'простуженной');
INSERT INTO "id_word" VALUES(12,'задворки');
INSERT INTO "id_word" VALUES(1,'ране');
INSERT INTO "id_word" VALUES(18,'губной');
INSERT INTO "id_word" VALUES(6,'смертью');
INSERT INTO "id_word" VALUES(16,'нищей');
INSERT INTO "id_word" VALUES(13,'замирает');
INSERT INTO "id_word" VALUES(18,'набранной');
INSERT INTO "id_word" VALUES(15,'бьется');
INSERT INTO "id_word" VALUES(16,'свою');
INSERT INTO "id_word" VALUES(5,'пой');
INSERT INTO "id_word" VALUES(8,'баюкают');
INSERT INTO "id_word" VALUES(9,'лоб');
INSERT INTO "id_word" VALUES(3,'ахейцев');
INSERT INTO "id_word" VALUES(15,'колыбели');
INSERT INTO "id_word" VALUES(21,'тулупе');
INSERT INTO "id_word" VALUES(16,'нарисованной');
INSERT INTO "id_word" VALUES(1,'бедренной');
INSERT INTO "id_word" VALUES(19,'выпрямить');
INSERT INTO "id_word" VALUES(10,'ладони');
INSERT INTO "id_word" VALUES(11,'ребра');
INSERT INTO "id_word" VALUES(22,'эхом');
INSERT INTO "id_word" VALUES(11,'жиром');
INSERT INTO "id_word" VALUES(18,'глины');
INSERT INTO "id_word" VALUES(20,'домов');
INSERT INTO "id_word" VALUES(17,'душа');
INSERT INTO "id_word" VALUES(9,'дать');
INSERT INTO "id_word" VALUES(13,'вскрытой');
INSERT INTO "id_word" VALUES(3,'край');
INSERT INTO "id_word" VALUES(1,'до');
INSERT INTO "id_word" VALUES(11,'ряда');
INSERT INTO "id_word" VALUES(10,'угловая');
INSERT INTO "id_word" VALUES(2,'тяга');
INSERT INTO "id_word" VALUES(18,'совещание');
INSERT INTO "id_word" VALUES(19,'дело');
INSERT INTO "id_word" VALUES(18,'сквозь');
INSERT INTO "id_word" VALUES(15,'колышет');
INSERT INTO "id_word" VALUES(12,'бродит');
INSERT INTO "id_word" VALUES(13,'пропажу');
INSERT INTO "id_word" VALUES(14,'коробочки');
INSERT INTO "id_word" VALUES(18,'мускулистый');
INSERT INTO "id_word" VALUES(19,'лакрийский');
INSERT INTO "id_word" VALUES(6,'пусто');
INSERT INTO "id_word" VALUES(1,'хра');
INSERT INTO "id_word" VALUES(8,'плану');
INSERT INTO "id_word" VALUES(1,'н');
INSERT INTO "id_word" VALUES(7,'дышит');
INSERT INTO "id_word" VALUES(15,'усядется');
INSERT INTO "id_word" VALUES(17,'больше');
INSERT INTO "id_word" VALUES(2,'еще');
INSERT INTO "id_word" VALUES(13,'улечься');
INSERT INTO "id_word" VALUES(7,'вина');
INSERT INTO "id_word" VALUES(3,'судьбой');
INSERT INTO "id_word" VALUES(13,'ракушки');
INSERT INTO "id_word" VALUES(18,'внегласное');
INSERT INTO "id_word" VALUES(15,'хочешь');
INSERT INTO "id_word" VALUES(1,'рождается');
INSERT INTO "id_word" VALUES(12,'гремят');
INSERT INTO "id_word" VALUES(4,'рыбу');
INSERT INTO "id_word" VALUES(16,'постель');
INSERT INTO "id_word" VALUES(8,'латают');
INSERT INTO "id_word" VALUES(3,'очертить');
INSERT INTO "id_word" VALUES(11,'желтеющий');
INSERT INTO "id_word" VALUES(18,'кромешного');
INSERT INTO "id_word" VALUES(1,'звучащее');
INSERT INTO "id_word" VALUES(3,'скрепит');
INSERT INTO "id_word" VALUES(2,'нет');
INSERT INTO "id_word" VALUES(15,'пичужек');
INSERT INTO "id_word" VALUES(11,'такого');
INSERT INTO "id_word" VALUES(12,'краска');
INSERT INTO "id_word" VALUES(8,'время');
INSERT INTO "id_word" VALUES(8,'пасет');
INSERT INTO "id_word" VALUES(8,'неровен');
INSERT INTO "id_word" VALUES(1,'соль');
INSERT INTO "id_word" VALUES(3,'выход');
INSERT INTO "id_word" VALUES(18,'распаянных');
INSERT INTO "id_word" VALUES(21,'стрелка');
INSERT INTO "id_word" VALUES(18,'наступил');
INSERT INTO "id_word" VALUES(19,'елена');
INSERT INTO "id_word" VALUES(11,'открою');
INSERT INTO "id_word" VALUES(12,'рога');
INSERT INTO "id_word" VALUES(15,'своем');
INSERT INTO "id_word" VALUES(17,'ошибку');
INSERT INTO "id_word" VALUES(19,'волной');
INSERT INTO "id_word" VALUES(1,'откуда');
INSERT INTO "id_word" VALUES(19,'оливковой');
INSERT INTO "id_word" VALUES(14,'изнутри');
INSERT INTO "id_word" VALUES(2,'земля');
INSERT INTO "id_word" VALUES(1,'высыхает');
INSERT INTO "id_word" VALUES(12,'дома');
INSERT INTO "id_word" VALUES(8,'лет');
INSERT INTO "id_word" VALUES(18,'медный');
INSERT INTO "id_word" VALUES(20,'трубач');
INSERT INTO "id_word" VALUES(1,'что');
INSERT INTO "id_word" VALUES(17,'скалы');
INSERT INTO "id_word" VALUES(5,'вишнёвый');
INSERT INTO "id_word" VALUES(22,'заводи');
INSERT INTO "id_word" VALUES(14,'расцветший');
INSERT INTO "id_word" VALUES(5,'своей');
INSERT INTO "id_word" VALUES(15,'строишь');
INSERT INTO "id_word" VALUES(8,'местоблюстителем');
INSERT INTO "id_word" VALUES(11,'станке');
INSERT INTO "id_word" VALUES(19,'звучащей');
INSERT INTO "id_word" VALUES(20,'вещи');
INSERT INTO "id_word" VALUES(2,'он');
INSERT INTO "id_word" VALUES(5,'божьих');
INSERT INTO "id_word" VALUES(9,'превозмогая');
INSERT INTO "id_word" VALUES(19,'прикладывает');
INSERT INTO "id_word" VALUES(7,'про');
INSERT INTO "id_word" VALUES(21,'секундная');
INSERT INTO "id_word" VALUES(18,'зачин');
INSERT INTO "id_word" VALUES(8,'это');
INSERT INTO "id_word" VALUES(7,'небыли');
INSERT INTO "id_word" VALUES(20,'стоит');
INSERT INTO "id_word" VALUES(10,'окон');
INSERT INTO "id_word" VALUES(18,'грядущий');
INSERT INTO "id_word" VALUES(10,'трусами');
INSERT INTO "id_word" VALUES(2,'октаве');
INSERT INTO "id_word" VALUES(12,'дворах');
INSERT INTO "id_word" VALUES(3,'отметивших');
INSERT INTO "id_word" VALUES(17,'сорок');
INSERT INTO "id_word" VALUES(17,'запечатлеть');
INSERT INTO "id_word" VALUES(18,'убешщур');
INSERT INTO "id_word" VALUES(15,'воробушка');
INSERT INTO "id_word" VALUES(12,'такой');
INSERT INTO "id_word" VALUES(22,'заброду');
INSERT INTO "id_word" VALUES(20,'длиться');
INSERT INTO "id_word" VALUES(9,'бъются');
INSERT INTO "id_word" VALUES(17,'будешь');
INSERT INTO "id_word" VALUES(3,'края');
INSERT INTO "id_word" VALUES(10,'несовпадения');
INSERT INTO "id_word" VALUES(3,'круг');
INSERT INTO "id_word" VALUES(4,'брег');
INSERT INTO "id_word" VALUES(7,'стали');
INSERT INTO "id_word" VALUES(7,'людей');
INSERT INTO "id_word" VALUES(18,'раствора');
INSERT INTO "id_word" VALUES(8,'океана');
INSERT INTO "id_word" VALUES(8,'тесап');
INSERT INTO "id_word" VALUES(1,'всем');
INSERT INTO "id_word" VALUES(12,'клавишах');
INSERT INTO "id_word" VALUES(13,'саже');
INSERT INTO "id_word" VALUES(20,'картезий');
INSERT INTO "id_word" VALUES(8,'считают');
INSERT INTO "id_word" VALUES(9,'пауза');
INSERT INTO "id_word" VALUES(12,'сквозь');
INSERT INTO "id_word" VALUES(12,'мокрые');
INSERT INTO "id_word" VALUES(22,'лету');
INSERT INTO "id_word" VALUES(5,'встречает');
INSERT INTO "id_word" VALUES(2,'самый');
INSERT INTO "id_word" VALUES(12,'весна');
INSERT INTO "id_word" VALUES(13,'неуклюж');
INSERT INTO "id_word" VALUES(6,'гулких');
INSERT INTO "id_word" VALUES(10,'вспорхнувшую');
INSERT INTO "id_word" VALUES(1,'ни');
INSERT INTO "id_word" VALUES(10,'нитку');
INSERT INTO "id_word" VALUES(17,'одних');
INSERT INTO "id_word" VALUES(9,'губку');
INSERT INTO "id_word" VALUES(2,'духом');
INSERT INTO "id_word" VALUES(9,'ссохшиеся');
INSERT INTO "id_word" VALUES(14,'вдоль');
INSERT INTO "id_word" VALUES(10,'проем');
INSERT INTO "id_word" VALUES(16,'глазах');
INSERT INTO "id_word" VALUES(1,'горчайшим');
INSERT INTO "id_word" VALUES(11,'входит');
INSERT INTO "id_word" VALUES(11,'узнаю');
INSERT INTO "id_word" VALUES(2,'нищий');
INSERT INTO "id_word" VALUES(9,'преподносит');
INSERT INTO "id_word" VALUES(13,'капле');
INSERT INTO "id_word" VALUES(22,'зауми');
INSERT INTO "id_word" VALUES(7,'бишь');
INSERT INTO "id_word" VALUES(3,'нам');
INSERT INTO "id_word" VALUES(2,'момента');
INSERT INTO "id_word" VALUES(16,'младенца');
INSERT INTO "id_word" VALUES(3,'взгляд');
INSERT INTO "id_word" VALUES(18,'полдня');
INSERT INTO "id_word" VALUES(17,'ничего');
INSERT INTO "id_word" VALUES(8,'короб');
INSERT INTO "id_word" VALUES(1,'неба');
INSERT INTO "id_word" VALUES(2,'впрямь');
INSERT INTO "id_word" VALUES(6,'карандаше');
INSERT INTO "id_word" VALUES(11,'транспортный');
INSERT INTO "id_word" VALUES(16,'кожу');
INSERT INTO "id_word" VALUES(5,'похлёбкой');
INSERT INTO "id_word" VALUES(17,'олова');
INSERT INTO "id_word" VALUES(11,'выпадая');
INSERT INTO "id_word" VALUES(8,'наоборот');
INSERT INTO "id_word" VALUES(21,'перелома');
INSERT INTO "id_word" VALUES(5,'судьбы');
INSERT INTO "id_word" VALUES(2,'два');
INSERT INTO "id_word" VALUES(7,'одного');
INSERT INTO "id_word" VALUES(11,'пугающий');
INSERT INTO "id_word" VALUES(16,'наверное');
INSERT INTO "id_word" VALUES(9,'смычку');
INSERT INTO "id_word" VALUES(14,'них');
INSERT INTO "id_word" VALUES(3,'яростней');
INSERT INTO "id_word" VALUES(18,'служил');
INSERT INTO "id_word" VALUES(8,'буквы');
INSERT INTO "id_word" VALUES(3,'бирюзовых');
INSERT INTO "id_word" VALUES(17,'извилины');
INSERT INTO "id_word" VALUES(5,'если');
INSERT INTO "id_word" VALUES(7,'были');
INSERT INTO "id_word" VALUES(11,'тошнота');
INSERT INTO "id_word" VALUES(7,'троллейбусные');
INSERT INTO "id_word" VALUES(7,'тысячу');
INSERT INTO "id_word" VALUES(13,'павших');
INSERT INTO "id_word" VALUES(20,'тяженные');
INSERT INTO "id_word" VALUES(6,'тот');
INSERT INTO "id_word" VALUES(21,'весне');
INSERT INTO "id_word" VALUES(8,'навзничь');
INSERT INTO "id_word" VALUES(15,'расцветшую');
INSERT INTO "id_word" VALUES(10,'худобу');
INSERT INTO "id_word" VALUES(11,'уха');
INSERT INTO "id_word" VALUES(14,'вещей');
INSERT INTO "id_word" VALUES(10,'оконный');
INSERT INTO "id_word" VALUES(10,'стерты');
INSERT INTO "id_word" VALUES(15,'рано');
INSERT INTO "id_word" VALUES(17,'высеченный');
INSERT INTO "id_word" VALUES(12,'обрывке');
INSERT INTO "id_word" VALUES(17,'блуждать');
INSERT INTO "id_word" VALUES(17,'гулкую');
INSERT INTO "id_word" VALUES(7,'обморок');
INSERT INTO "id_word" VALUES(13,'стекая');
INSERT INTO "id_word" VALUES(1,'дом');
INSERT INTO "id_word" VALUES(14,'близость');
INSERT INTO "id_word" VALUES(7,'рыба');
INSERT INTO "id_word" VALUES(20,'гаснет');
INSERT INTO "id_word" VALUES(3,'гнется');
INSERT INTO "id_word" VALUES(2,'пятый');
INSERT INTO "id_word" VALUES(8,'птицы');
INSERT INTO "id_word" VALUES(12,'колени');
INSERT INTO "id_word" VALUES(3,'прибрежных');
INSERT INTO "id_word" VALUES(15,'перышек');
INSERT INTO "id_word" VALUES(2,'мнения');
INSERT INTO "id_word" VALUES(11,'вытекающий');
INSERT INTO "id_word" VALUES(8,'сон');
INSERT INTO "id_word" VALUES(22,'глаголящий');
INSERT INTO "id_word" VALUES(4,'меня');
INSERT INTO "id_word" VALUES(12,'это');
INSERT INTO "id_word" VALUES(20,'цинковой');
INSERT INTO "id_word" VALUES(8,'слове');
INSERT INTO "id_word" VALUES(7,'провод');
INSERT INTO "id_word" VALUES(5,'вырубить');
INSERT INTO "id_word" VALUES(13,'осеннего');
INSERT INTO "id_word" VALUES(15,'ближе');
INSERT INTO "id_word" VALUES(16,'подобно');
INSERT INTO "id_word" VALUES(5,'фарфоровой');
INSERT INTO "id_word" VALUES(10,'сквозняк');
INSERT INTO "id_word" VALUES(21,'бъется');
INSERT INTO "id_word" VALUES(11,'вертится');
INSERT INTO "id_word" VALUES(5,'свирели');
INSERT INTO "id_word" VALUES(18,'строй');
INSERT INTO "id_word" VALUES(8,'чур');
INSERT INTO "id_word" VALUES(2,'вообще');
INSERT INTO "id_word" VALUES(7,'которая');
INSERT INTO "id_word" VALUES(5,'проснись');
INSERT INTO "id_word" VALUES(18,'чрево');
INSERT INTO "id_word" VALUES(8,'истцом');
INSERT INTO "id_word" VALUES(5,'робкой');
INSERT INTO "id_word" VALUES(19,'огненный');
INSERT INTO "id_word" VALUES(20,'ошибся');
INSERT INTO "id_word" VALUES(22,'заноза');
INSERT INTO "id_word" VALUES(12,'лепит');
INSERT INTO "id_word" VALUES(10,'вещи');
INSERT INTO "id_word" VALUES(1,'у');
INSERT INTO "id_word" VALUES(22,'злоба');
INSERT INTO "id_word" VALUES(6,'гитарного');
INSERT INTO "id_word" VALUES(8,'там');
INSERT INTO "id_word" VALUES(7,'корень');
INSERT INTO "id_word" VALUES(8,'телят');
INSERT INTO "id_word" VALUES(9,'конь');
INSERT INTO "id_word" VALUES(21,'сердцевине');
INSERT INTO "id_word" VALUES(3,'здесь');
INSERT INTO "id_word" VALUES(13,'бумаги');
INSERT INTO "id_word" VALUES(12,'остановись');
INSERT INTO "id_word" VALUES(10,'словить');
INSERT INTO "id_word" VALUES(15,'утро');
INSERT INTO "id_word" VALUES(12,'груши');
INSERT INTO "id_word" VALUES(5,'слепой');
INSERT INTO "id_word" VALUES(11,'горлу');
INSERT INTO "id_word" VALUES(10,'злясь');
INSERT INTO "id_word" VALUES(6,'шаламов');
INSERT INTO "id_word" VALUES(8,'вход');
INSERT INTO "id_word" VALUES(8,'слова');
INSERT INTO "id_word" VALUES(12,'вот');
INSERT INTO "id_word" VALUES(15,'питаться');
INSERT INTO "id_word" VALUES(15,'ветку');
INSERT INTO "id_word" VALUES(1,'как');
INSERT INTO "id_word" VALUES(7,'провода');
INSERT INTO "id_word" VALUES(7,'небосвода');
INSERT INTO "id_word" VALUES(4,'себя');
INSERT INTO "id_word" VALUES(18,'гласных');
INSERT INTO "id_word" VALUES(17,'высекая');
INSERT INTO "id_word" VALUES(1,'поднять');
INSERT INTO "id_word" VALUES(15,'ассария');
INSERT INTO "id_word" VALUES(13,'огрызке');
INSERT INTO "id_word" VALUES(12,'глохнет');
INSERT INTO "id_word" VALUES(7,'да');
INSERT INTO "id_word" VALUES(6,'кузова');
INSERT INTO "id_word" VALUES(11,'повторение');
INSERT INTO "id_word" VALUES(20,'хрусталике');
INSERT INTO "id_word" VALUES(14,'ветви');
INSERT INTO "id_word" VALUES(3,'яд');
INSERT INTO "id_word" VALUES(7,'отпущены');
INSERT INTO "id_word" VALUES(18,'согласным');
INSERT INTO "id_word" VALUES(19,'голову');
INSERT INTO "id_word" VALUES(12,'тяга');
INSERT INTO "id_word" VALUES(13,'мира');
INSERT INTO "id_word" VALUES(17,'тот');
INSERT INTO "id_word" VALUES(2,'рган');
INSERT INTO "id_word" VALUES(22,'зоркими');
INSERT INTO "id_word" VALUES(5,'зари');
INSERT INTO "id_word" VALUES(10,'мае');
INSERT INTO "id_word" VALUES(1,'я');
INSERT INTO "id_word" VALUES(10,'квартира');
INSERT INTO "id_word" VALUES(22,'открывается');
INSERT INTO "id_word" VALUES(11,'шлифовальном');
INSERT INTO "id_word" VALUES(12,'старик');
INSERT INTO "id_word" VALUES(13,'влаги');
INSERT INTO "id_word" VALUES(11,'нотного');
INSERT INTO "id_word" VALUES(22,'гусеница');
INSERT INTO "id_word" VALUES(11,'слуха');
INSERT INTO "id_word" VALUES(5,'но');
INSERT INTO "id_word" VALUES(14,'босые');
INSERT INTO "id_word" VALUES(17,'высеченные');
INSERT INTO "id_word" VALUES(12,'простуженная');
INSERT INTO "id_word" VALUES(11,'словами');
INSERT INTO "id_word" VALUES(3,'сделать');
INSERT INTO "id_word" VALUES(19,'радостью');
INSERT INTO "id_word" VALUES(15,'пернатая');
INSERT INTO "id_word" VALUES(19,'тоски');
INSERT INTO "id_word" VALUES(5,'вернуть');
INSERT INTO "id_word" VALUES(16,'она');
INSERT INTO "id_word" VALUES(2,'эпизод');
INSERT INTO "id_word" VALUES(6,'луковиц');
INSERT INTO "id_word" VALUES(6,'сводах');
INSERT INTO "id_word" VALUES(3,'дойти');
INSERT INTO "id_word" VALUES(22,'гроза');
INSERT INTO "id_word" VALUES(18,'щемящим');
INSERT INTO "id_word" VALUES(7,'оптика');
INSERT INTO "id_word" VALUES(18,'разъятых');
INSERT INTO "id_word" VALUES(6,'сшивает');
INSERT INTO "id_word" VALUES(12,'посудой');
INSERT INTO "id_word" VALUES(2,'пения');
INSERT INTO "id_word" VALUES(5,'человека');
INSERT INTO "id_word" VALUES(17,'называл');
INSERT INTO "id_word" VALUES(6,'беды');
INSERT INTO "id_word" VALUES(12,'нему');
INSERT INTO "id_word" VALUES(11,'прихожу');
INSERT INTO "id_word" VALUES(15,'сизоокого');
INSERT INTO "id_word" VALUES(20,'дождливый');
INSERT INTO "id_word" VALUES(22,'лазурный');
INSERT INTO "id_word" VALUES(3,'есть');
INSERT INTO "id_word" VALUES(8,'снова');
INSERT INTO "id_word" VALUES(1,'берутся');
INSERT INTO "id_word" VALUES(11,'эссенция');
INSERT INTO "id_word" VALUES(8,'здесь');
INSERT INTO "id_word" VALUES(22,'склонами');
INSERT INTO "id_word" VALUES(19,'встречает');
INSERT INTO "id_word" VALUES(9,'надорвет');
INSERT INTO "id_word" VALUES(7,'форм');
INSERT INTO "id_word" VALUES(11,'сегодня');
INSERT INTO "id_word" VALUES(15,'станет');
INSERT INTO "id_word" VALUES(15,'касатка');
INSERT INTO "id_word" VALUES(15,'лужицы');
INSERT INTO "id_word" VALUES(21,'прогулку');
INSERT INTO "id_word" VALUES(20,'ведро');
INSERT INTO "id_word" VALUES(2,'нагорных');
INSERT INTO "id_word" VALUES(6,'тебя');
INSERT INTO "id_word" VALUES(14,'сеют');
INSERT INTO "id_word" VALUES(18,'один');
INSERT INTO "id_word" VALUES(12,'уши');
INSERT INTO "id_word" VALUES(16,'воскресение');
INSERT INTO "id_word" VALUES(18,'означает');
INSERT INTO "id_word" VALUES(13,'тела');
INSERT INTO "id_word" VALUES(3,'продеть');
INSERT INTO "id_word" VALUES(13,'всегда');
INSERT INTO "id_word" VALUES(8,'вид');
INSERT INTO "id_word" VALUES(1,'из');
INSERT INTO "id_word" VALUES(11,'требует');
INSERT INTO "id_word" VALUES(7,'извлекай');
INSERT INTO "id_word" VALUES(2,'труб');
INSERT INTO "id_word" VALUES(15,'пуха');
INSERT INTO "id_word" VALUES(15,'очнешься');
INSERT INTO "id_word" VALUES(10,'узор');
INSERT INTO "id_word" VALUES(21,'декабрьского');
INSERT INTO "id_word" VALUES(4,'аида');
INSERT INTO "id_word" VALUES(3,'трою');
INSERT INTO "id_word" VALUES(9,'предплечье');
INSERT INTO "id_word" VALUES(4,'вдруг');
INSERT INTO "id_word" VALUES(10,'надежда');
INSERT INTO "id_word" VALUES(1,'вкус');
INSERT INTO "id_word" VALUES(16,'хранящую');
INSERT INTO "id_word" VALUES(12,'старого');
INSERT INTO "id_word" VALUES(9,'изъять');
INSERT INTO "id_word" VALUES(16,'ангел');
INSERT INTO "id_word" VALUES(12,'вверх');
INSERT INTO "id_word" VALUES(1,'за');
INSERT INTO "id_word" VALUES(8,'без');
INSERT INTO "id_word" VALUES(10,'крышки');
INSERT INTO "id_word" VALUES(14,'ноги');
INSERT INTO "id_word" VALUES(19,'жертвы');
INSERT INTO "id_word" VALUES(19,'перемен');
INSERT INTO "id_word" VALUES(3,'мне');
INSERT INTO "id_word" VALUES(2,'скромного');
INSERT INTO "id_word" VALUES(18,'существительного');
INSERT INTO "id_word" VALUES(1,'гулко');
INSERT INTO "id_word" VALUES(2,'цеха');
INSERT INTO "id_word" VALUES(6,'мы');
INSERT INTO "id_word" VALUES(8,'болтают');
INSERT INTO "id_word" VALUES(15,'жизненный');
INSERT INTO "id_word" VALUES(22,'поднимаешься');
INSERT INTO "id_word" VALUES(5,'два');
INSERT INTO "id_word" VALUES(2,'который');
INSERT INTO "id_word" VALUES(16,'безумной');
INSERT INTO "id_word" VALUES(10,'судьбу');
INSERT INTO "id_word" VALUES(11,'бреющий');
INSERT INTO "id_word" VALUES(2,'убог');
INSERT INTO "id_word" VALUES(9,'веретена');
INSERT INTO "id_word" VALUES(12,'дочь');
INSERT INTO "id_word" VALUES(16,'дали');
INSERT INTO "id_word" VALUES(20,'высверлить');
INSERT INTO "id_word" VALUES(12,'ходы');
INSERT INTO "id_word" VALUES(11,'бумага');
INSERT INTO "id_word" VALUES(17,'котором');
INSERT INTO "id_word" VALUES(6,'воздвигнутых');
INSERT INTO "id_word" VALUES(10,'рассыпчата');
INSERT INTO "id_word" VALUES(1,'к');
INSERT INTO "id_word" VALUES(3,'круга');
INSERT INTO "id_word" VALUES(19,'тоску');
INSERT INTO "id_word" VALUES(1,'от');
INSERT INTO "id_word" VALUES(16,'спасающего');
INSERT INTO "id_word" VALUES(8,'ключицы');
INSERT INTO "id_word" VALUES(11,'хрипа');
INSERT INTO "id_word" VALUES(21,'выгрызла');
INSERT INTO "id_word" VALUES(11,'тлеющий');
INSERT INTO "id_word" VALUES(10,'убирая');
INSERT INTO "id_word" VALUES(9,'флейта');
INSERT INTO "id_word" VALUES(13,'столь');
INSERT INTO "id_word" VALUES(16,'придет');
INSERT INTO "id_word" VALUES(15,'ушах');
INSERT INTO "id_word" VALUES(6,'дьявольски');
INSERT INTO "id_word" VALUES(7,'облака');
INSERT INTO "id_word" VALUES(2,'ни');
INSERT INTO "id_word" VALUES(1,'но');
INSERT INTO "id_word" VALUES(14,'простор');
INSERT INTO "id_word" VALUES(3,'что');
INSERT INTO "id_word" VALUES(5,'мастер');
INSERT INTO "id_word" VALUES(18,'бул');
INSERT INTO "id_word" VALUES(2,'него');
INSERT INTO "id_word" VALUES(11,'забились');
INSERT INTO "id_word" VALUES(12,'сгибают');
INSERT INTO "id_word" VALUES(2,'эпос');
INSERT INTO "id_word" VALUES(17,'лишнее');
INSERT INTO "id_word" VALUES(7,'смотришь');
INSERT INTO "id_word" VALUES(20,'легковесное');
INSERT INTO "id_word" VALUES(11,'опыте');
INSERT INTO "id_word" VALUES(5,'тяжести');
INSERT INTO "id_word" VALUES(3,'царствуют');
INSERT INTO "id_word" VALUES(3,'пьешь');
INSERT INTO "id_word" VALUES(11,'спирт');
INSERT INTO "id_word" VALUES(5,'приник');
INSERT INTO "id_word" VALUES(11,'эхо');
INSERT INTO "id_word" VALUES(8,'место');
INSERT INTO "id_word" VALUES(19,'шелест');
INSERT INTO "id_word" VALUES(22,'заскорузлую');
INSERT INTO "id_word" VALUES(17,'египетский');
INSERT INTO "id_word" VALUES(17,'кормиться');
INSERT INTO "id_word" VALUES(11,'затылка');
INSERT INTO "id_word" VALUES(14,'летних');
INSERT INTO "id_word" VALUES(18,'гвоздей');
INSERT INTO "id_word" VALUES(15,'небо');
INSERT INTO "id_word" VALUES(10,'шекспира');
INSERT INTO "id_word" VALUES(11,'одновременный');
INSERT INTO "id_word" VALUES(15,'шалашик');
INSERT INTO "id_word" VALUES(19,'судьба');
INSERT INTO "id_word" VALUES(16,'оплакивает');
INSERT INTO "id_word" VALUES(11,'зрения');
INSERT INTO "id_word" VALUES(18,'антител');
INSERT INTO "id_word" VALUES(8,'тялет');
INSERT INTO "id_word" VALUES(18,'тире');
INSERT INTO "id_word" VALUES(11,'остуствтует');
INSERT INTO "id_word" VALUES(11,'оно');
INSERT INTO "id_word" VALUES(6,'душе');
INSERT INTO "id_word" VALUES(17,'срока');
INSERT INTO "id_word" VALUES(19,'платон');
INSERT INTO "id_word" VALUES(12,'выходит');
INSERT INTO "id_word" VALUES(5,'дзенский');
INSERT INTO "id_word" VALUES(13,'луж');
INSERT INTO "id_word" VALUES(18,'петь');
INSERT INTO "id_word" VALUES(8,'стану');
INSERT INTO "id_word" VALUES(15,'разиня');
INSERT INTO "id_word" VALUES(1,'ос');
INSERT INTO "id_word" VALUES(13,'записки');
INSERT INTO "id_word" VALUES(20,'карманах');
INSERT INTO "id_word" VALUES(1,'же');
INSERT INTO "id_word" VALUES(22,'гладом');
INSERT INTO "id_word" VALUES(9,'первозданный');
INSERT INTO "id_word" VALUES(3,'себя');
INSERT INTO "id_word" VALUES(2,'мы');
INSERT INTO "id_word" VALUES(4,'твердыней');
INSERT INTO "id_word" VALUES(6,'развилках');
INSERT INTO "id_word" VALUES(9,'дыханье');
INSERT INTO "id_word" VALUES(1,'не');
INSERT INTO "id_word" VALUES(18,'осуществления');
INSERT INTO "id_word" VALUES(14,'привесок');
INSERT INTO "id_word" VALUES(5,'завершило');
INSERT INTO "id_word" VALUES(12,'детей');
INSERT INTO "id_word" VALUES(8,'словаря');
INSERT INTO "id_word" VALUES(14,'выжженных');
INSERT INTO "id_word" VALUES(22,'ладом');
INSERT INTO "id_word" VALUES(18,'свистящим');
INSERT INTO "id_word" VALUES(20,'скупых');
INSERT INTO "id_word" VALUES(15,'легкого');
INSERT INTO "id_word" VALUES(11,'содержания');
INSERT INTO "id_word" VALUES(7,'простая');
INSERT INTO "id_word" VALUES(19,'средь');
INSERT INTO "id_word" VALUES(2,'к');
INSERT INTO "id_word" VALUES(15,'разговор');
INSERT INTO "id_word" VALUES(5,'сих');
INSERT INTO "id_word" VALUES(9,'натруженные');
INSERT INTO "id_word" VALUES(13,'гла');
INSERT INTO "id_word" VALUES(16,'архангела');
INSERT INTO "id_word" VALUES(8,'раскрывают');
INSERT INTO "id_word" VALUES(7,'минус');
INSERT INTO "id_word" VALUES(5,'тростник');
INSERT INTO "id_word" VALUES(3,'жаль');
INSERT INTO "id_word" VALUES(16,'сегодня');
INSERT INTO "id_word" VALUES(17,'высеченная');
INSERT INTO "id_word" VALUES(17,'бога');
INSERT INTO "id_word" VALUES(14,'полей');
INSERT INTO "id_word" VALUES(2,'есть');
INSERT INTO "id_word" VALUES(20,'бога');
INSERT INTO "id_word" VALUES(3,'ясен');
INSERT INTO "id_word" VALUES(13,'убийства');
INSERT INTO "id_word" VALUES(2,'трубе');
INSERT INTO "id_word" VALUES(18,'рифмы');
INSERT INTO "id_word" VALUES(8,'буквы');
INSERT INTO "id_word" VALUES(3,'где');
INSERT INTO "id_word" VALUES(1,'слово');
INSERT INTO "id_word" VALUES(8,'было');
INSERT INTO "id_word" VALUES(5,'за');
INSERT INTO "id_word" VALUES(13,'строя');
INSERT INTO "id_word" VALUES(10,'пустяку');
INSERT INTO "id_word" VALUES(15,'свой');
INSERT INTO "id_word" VALUES(3,'туда');
INSERT INTO "id_word" VALUES(10,'погрешность');
INSERT INTO "id_word" VALUES(20,'изъяли');
INSERT INTO "id_word" VALUES(8,'теле');
INSERT INTO "id_word" VALUES(18,'треснувшей');
INSERT INTO "id_word" VALUES(11,'голоса');
INSERT INTO "id_word" VALUES(12,'прямиком');
INSERT INTO "id_word" VALUES(1,'иногда');
INSERT INTO "id_word" VALUES(6,'прав');
INSERT INTO "id_word" VALUES(20,'дверь');
INSERT INTO "id_word" VALUES(12,'киев');
INSERT INTO "id_word" VALUES(3,'на');
INSERT INTO "id_word" VALUES(2,'ничего');
INSERT INTO "id_word" VALUES(17,'душу');
INSERT INTO "id_word" VALUES(16,'врубеля');
INSERT INTO "id_word" VALUES(9,'нам');
INSERT INTO "id_word" VALUES(11,'корма');
INSERT INTO "id_word" VALUES(11,'языке');
INSERT INTO "id_word" VALUES(11,'ржа');
INSERT INTO "id_word" VALUES(16,'руки');
INSERT INTO "id_word" VALUES(8,'цевьем');
INSERT INTO "id_word" VALUES(13,'жест');
INSERT INTO "id_word" VALUES(12,'дует');
INSERT INTO "id_word" VALUES(15,'разговорится');
INSERT INTO "id_word" VALUES(3,'геракловых');
INSERT INTO "id_word" VALUES(11,'спотыкание');
INSERT INTO "id_word" VALUES(2,'бах');
INSERT INTO "id_word" VALUES(17,'влить');
INSERT INTO "id_word" VALUES(20,'заброшенный');
INSERT INTO "id_word" VALUES(19,'сильный');
INSERT INTO "id_word" VALUES(2,'высот');
INSERT INTO "id_word" VALUES(8,'времени');
INSERT INTO "id_word" VALUES(18,'опасно');
INSERT INTO "id_word" VALUES(5,'кадки');
INSERT INTO "id_word" VALUES(18,'натянутый');
INSERT INTO "id_word" VALUES(17,'убирает');
INSERT INTO "id_word" VALUES(12,'две');
INSERT INTO "id_word" VALUES(9,'оглох');
INSERT INTO "id_word" VALUES(18,'окончание');
INSERT INTO "id_word" VALUES(2,'работяга');
INSERT INTO "id_word" VALUES(12,'слушай');
INSERT INTO "id_word" VALUES(1,'а');
INSERT INTO "id_word" VALUES(8,'со');
INSERT INTO "id_word" VALUES(18,'ночь');
INSERT INTO "id_word" VALUES(17,'опиской');
INSERT INTO "id_word" VALUES(3,'подножие');
INSERT INTO "id_word" VALUES(3,'нет');
INSERT INTO "id_word" VALUES(21,'живу');
INSERT INTO "id_word" VALUES(19,'цветет');
INSERT INTO "id_word" VALUES(2,'орган');
INSERT INTO "id_word" VALUES(5,'так');
INSERT INTO "id_word" VALUES(1,'бросают');
INSERT INTO "id_word" VALUES(20,'через');
INSERT INTO "id_word" VALUES(15,'ласточку');
INSERT INTO "id_word" VALUES(14,'раскололось');
INSERT INTO "id_word" VALUES(10,'благая');
INSERT INTO "id_word" VALUES(19,'смертных');
INSERT INTO "id_word" VALUES(3,'тоска');
INSERT INTO "id_word" VALUES(10,'открытых');
INSERT INTO "id_word" VALUES(11,'прилипший');
INSERT INTO "id_word" VALUES(1,'то');
INSERT INTO "id_word" VALUES(5,'земле');
INSERT INTO "id_word" VALUES(15,'быть');
INSERT INTO "id_word" VALUES(5,'воде');
INSERT INTO "id_word" VALUES(9,'шершава');
INSERT INTO "id_word" VALUES(19,'жажду');
INSERT INTO "id_word" VALUES(14,'хор');
INSERT INTO "id_word" VALUES(2,'звучит');
INSERT INTO "id_word" VALUES(8,'ибо');
INSERT INTO "id_word" VALUES(19,'пещере');
INSERT INTO "id_word" VALUES(3,'горизонта');
INSERT INTO "id_word" VALUES(21,'муха');
INSERT INTO "id_word" VALUES(18,'ничей');
INSERT INTO "id_word" VALUES(9,'зенит');
INSERT INTO "id_word" VALUES(7,'работает');
INSERT INTO "id_word" VALUES(20,'асфальте');
INSERT INTO "id_word" VALUES(1,'кротчайшего');
INSERT INTO "id_word" VALUES(6,'вода');
INSERT INTO "id_word" VALUES(11,'старой');
INSERT INTO "id_word" VALUES(10,'раздумья');
INSERT INTO "id_word" VALUES(2,'много');
INSERT INTO "id_word" VALUES(1,'и');
INSERT INTO "id_word" VALUES(19,'исцелить');
INSERT INTO "id_word" VALUES(12,'ступени');
INSERT INTO "id_word" VALUES(8,'репетиций');
INSERT INTO "id_word" VALUES(3,'приливе');
INSERT INTO "id_word" VALUES(18,'ненастного');
INSERT INTO "id_word" VALUES(18,'подзорные');
INSERT INTO "id_word" VALUES(19,'предлог');
INSERT INTO "id_word" VALUES(6,'когда');
INSERT INTO "id_word" VALUES(19,'алчущего');
INSERT INTO "id_word" VALUES(22,'быть');
INSERT INTO "id_word" VALUES(17,'создать');
INSERT INTO "id_word" VALUES(1,'жилы');
INSERT INTO "id_word" VALUES(15,'подует');
INSERT INTO "id_word" VALUES(17,'пустоту');
INSERT INTO "id_word" VALUES(11,'вечность');
INSERT INTO "id_word" VALUES(11,'лица');
INSERT INTO "id_word" VALUES(11,'напиханное');
INSERT INTO "id_word" VALUES(18,'звуки');
INSERT INTO "id_word" VALUES(21,'тоскливо');
INSERT INTO "id_word" VALUES(2,'сага');
INSERT INTO "id_word" VALUES(7,'берегу');
INSERT INTO "id_word" VALUES(15,'твердыню');
INSERT INTO "id_word" VALUES(9,'волосам');
INSERT INTO "id_word" VALUES(21,'многоэтжного');
INSERT INTO "id_word" VALUES(20,'венозных');
INSERT INTO "id_word" VALUES(1,'скажи');
INSERT INTO "id_word" VALUES(14,'ивы');
INSERT INTO "id_word" VALUES(12,'гога');
INSERT INTO "id_word" VALUES(21,'верху');
INSERT INTO "id_word" VALUES(19,'трав');
INSERT INTO "id_word" VALUES(17,'прыжок');
INSERT INTO "id_word" VALUES(2,'лишнего');
INSERT INTO "id_word" VALUES(2,'три');
INSERT INTO "id_word" VALUES(7,'уподобишь');
INSERT INTO "id_word" VALUES(18,'дыр');
INSERT INTO "id_word" VALUES(8,'лежащего');
INSERT INTO "id_word" VALUES(19,'дуть');
INSERT INTO "id_word" VALUES(3,'предел');
INSERT INTO "id_word" VALUES(7,'заочности');
INSERT INTO "id_word" VALUES(8,'читается');
INSERT INTO "id_word" VALUES(10,'рукоделия');
INSERT INTO "id_word" VALUES(15,'расплескает');
INSERT INTO "id_word" VALUES(11,'небесные');
INSERT INTO "id_word" VALUES(17,'закат');
INSERT INTO "id_word" VALUES(19,'сплаве');
INSERT INTO "id_word" VALUES(15,'длит');
INSERT INTO "id_word" VALUES(18,'день');
INSERT INTO "id_word" VALUES(16,'этой');
INSERT INTO "id_word" VALUES(10,'круглы');
INSERT INTO "id_word" VALUES(9,'упрямство');
INSERT INTO "id_word" VALUES(13,'увидев');
INSERT INTO "id_word" VALUES(13,'кража');
INSERT INTO "id_word" VALUES(8,'ручья');
INSERT INTO "id_word" VALUES(11,'бытия');
INSERT INTO "id_word" VALUES(9,'стеклодуву');
INSERT INTO "id_word" VALUES(11,'ворванью');
INSERT INTO "id_word" VALUES(14,'этот');
INSERT INTO "id_word" VALUES(19,'измененья');
INSERT INTO "id_word" VALUES(19,'золою');
INSERT INTO "id_word" VALUES(3,'слушать');
INSERT INTO "id_word" VALUES(17,'разума');
INSERT INTO "id_word" VALUES(12,'плоды');
INSERT INTO "id_word" VALUES(11,'сытого');
INSERT INTO "id_word" VALUES(18,'каждый');
INSERT INTO "id_word" VALUES(12,'каморке');
INSERT INTO "id_word" VALUES(8,'видит');
INSERT INTO "id_word" VALUES(3,'сна');
INSERT INTO "id_word" VALUES(1,'нрава');
INSERT INTO "id_word" VALUES(8,'славят');
INSERT INTO "id_word" VALUES(18,'ночь');
INSERT INTO "id_word" VALUES(1,'о');
INSERT INTO "id_word" VALUES(15,'кружится');
INSERT INTO "id_word" VALUES(15,'птичьего');
INSERT INTO "id_word" VALUES(19,'поленья');
INSERT INTO "id_word" VALUES(17,'если');
INSERT INTO "id_word" VALUES(6,'молнии');
INSERT INTO "id_word" VALUES(11,'вечно');
INSERT INTO "id_word" VALUES(16,'иакова');
INSERT INTO "id_word" VALUES(18,'новодел');
INSERT INTO "id_word" VALUES(16,'картине');
INSERT INTO "id_word" VALUES(12,'увечной');
INSERT INTO "id_word" VALUES(1,'а');
INSERT INTO "id_word" VALUES(1,'тех');
INSERT INTO "id_word" VALUES(6,'грифельный');
INSERT INTO "id_word" VALUES(18,'пустоты');
INSERT INTO "id_word" VALUES(19,'знает');
INSERT INTO "id_word" VALUES(13,'отражение');
INSERT INTO "id_word" VALUES(10,'цитаты');
INSERT INTO "id_word" VALUES(17,'нарушив');
INSERT INTO "id_word" VALUES(1,'бы');
INSERT INTO "id_word" VALUES(2,'хочет');
INSERT INTO "id_word" VALUES(7,'привольней');
INSERT INTO "id_word" VALUES(15,'слегка');
INSERT INTO "id_word" VALUES(1,'меру');
INSERT INTO "id_word" VALUES(12,'страх');
INSERT INTO "id_word" VALUES(20,'крыше');
INSERT INTO "id_word" VALUES(6,'ненаписанных');
INSERT INTO "id_word" VALUES(6,'каков');
INSERT INTO "id_word" VALUES(10,'замысла');
INSERT INTO "id_word" VALUES(7,'корня');
INSERT INTO "id_word" VALUES(7,'опрокинутость');
INSERT INTO "id_word" VALUES(21,'самой');
INSERT INTO "id_word" VALUES(11,'газ');
INSERT INTO "id_word" VALUES(1,'небо');
INSERT INTO "id_word" VALUES(7,'эта');
INSERT INTO "id_word" VALUES(4,'вспомнил');
INSERT INTO "id_word" VALUES(8,'течет');
INSERT INTO "id_word" VALUES(1,'боль');
INSERT INTO "id_word" VALUES(12,'стена');
INSERT INTO "id_word" VALUES(5,'лепесток');
INSERT INTO "id_word" VALUES(19,'пряных');
CREATE TABLE id_json_words (
        id_json INT,
        words VARCHAR(65535), 
        FOREIGN KEY (id_json) REFERENCES raw_verses(id) 
        );
INSERT INTO "id_json_words" VALUES(1,'["\u0432\u0435\u0440\u044b", "\u0432\u043e", "\u043c\u043d\u0435", "\u0434\u043b\u044f", "\u0440\u0435\u0431\u0435\u043a\u043a\u0438", "\u0441\u044b\u043d\u0430", "\u043d\u0430", "\u043e\u0442\u043a\u0440\u044b\u0442\u0443\u044e", "\u043e", "\u043c\u043e\u0436\u0435\u0442", "\u043f\u043e\u0434", "\u0432\u0441\u0435", "\u0440\u0435", "\u043f\u0440\u0438\u0432\u043a\u0443\u0441\u043e\u043c", "\u0447\u0442\u043e\u0431", "\u0440\u0430\u043d\u0443", "\u0441\u043f\u043b\u0435\u0441\u0442\u0438", "\u0438", "\u0432", "\u0432\u0441\u0435", "\u0445\u043b\u0435\u0431\u0430", "\u0432\u0435\u043a\u0438", "\u0441", "\u0443\u0442\u0438\u0445\u043b\u0430", "\u0441\u043e\u0445\u0440\u0430\u043d\u0435\u043d\u0438\u044f", "\u0432", "\u0434\u043d\u044f", "\u0438\u0441\u043f\u0435\u0447\u044c", "\u043a\u0430\u0436\u0434\u043e\u043c\u0443", "\u0441\u043e\u0432\u0441\u0435\u043c", "\u043f\u0440\u043e\u0441\u0442\u0443\u043f\u0430\u0435\u0442", "\u0442\u0435\u043c", "\u043f\u043e\u0442\u0435\u0440\u0438", "\u0441\u0438\u043b\u044b", "\u0431", "\u043a\u0442\u043e", "\u043f\u043e", "\u0447\u0435\u043c", "\u0430\u0432\u0432\u0430", "\u0437\u0430\u0431\u043e\u0442\u0430", "\u0435\u0433\u043e", "\u0447\u0442\u043e\u0431\u044b", "\u043f\u0430\u0440\u0443", "\u0442\u043e\u0439", "\u043e\u043a\u0440\u0430\u0438\u043d", "\u0449\u0435\u043f\u043e\u0442\u043a\u0443", "\u0437\u0430\u0447\u0435\u043c", "\u0440\u0430\u043d\u0435", "\u0431\u0435\u0434\u0440\u0435\u043d\u043d\u043e\u0439", "\u0434\u043e", "\u0445\u0440\u0430", "\u043d", "\u0440\u043e\u0436\u0434\u0430\u0435\u0442\u0441\u044f", "\u0437\u0432\u0443\u0447\u0430\u0449\u0435\u0435", "\u0441\u043e\u043b\u044c", "\u043e\u0442\u043a\u0443\u0434\u0430", "\u0432\u044b\u0441\u044b\u0445\u0430\u0435\u0442", "\u0447\u0442\u043e", "\u0432\u0441\u0435\u043c", "\u043d\u0438", "\u0433\u043e\u0440\u0447\u0430\u0439\u0448\u0438\u043c", "\u043d\u0435\u0431\u0430", "\u0434\u043e\u043c", "\u0443", "\u043a\u0430\u043a", "\u043f\u043e\u0434\u043d\u044f\u0442\u044c", "\u044f", "\u0431\u0435\u0440\u0443\u0442\u0441\u044f", "\u0438\u0437", "\u0432\u043a\u0443\u0441", "\u0437\u0430", "\u0433\u0443\u043b\u043a\u043e", "\u043a", "\u043e\u0442", "\u043d\u043e", "\u043e\u0441", "\u0436\u0435", "\u043d\u0435", "\u0441\u043b\u043e\u0432\u043e", "\u0438\u043d\u043e\u0433\u0434\u0430", "\u0430", "\u0431\u0440\u043e\u0441\u0430\u044e\u0442", "\u0442\u043e", "\u043a\u0440\u043e\u0442\u0447\u0430\u0439\u0448\u0435\u0433\u043e", "\u0438", "\u0436\u0438\u043b\u044b", "\u0441\u043a\u0430\u0436\u0438", "\u043d\u0440\u0430\u0432\u0430", "\u043e", "\u0430", "\u0442\u0435\u0445", "\u0431\u044b", "\u043c\u0435\u0440\u0443", "\u043d\u0435\u0431\u043e", "\u0431\u043e\u043b\u044c"]');
INSERT INTO "id_json_words" VALUES(2,'["\u0442\u0430\u043a", "\u0435\u0432\u0430\u043d\u0433\u043b\u0435\u043b\u0438\u0441\u0442", "\u0431\u044b\u043b", "\u043e\u043d", "\u0431\u043e\u0433", "\u0437\u043d\u0430\u043b", "\u0442\u0432\u043e\u0440\u0446\u043e\u0432", "\u0441\u0435\u0431\u0435", "\u0434\u043b\u044f", "\u0440\u043e\u0436\u0434\u0430\u043b\u0430", "\u0442\u044b", "\u043e\u0440\u0433\u0430", "\u043f\u0440\u0435\u043e\u0434\u043e\u043b\u0435\u043d", "\u0438\u043d\u0441\u0442\u0440\u0443\u043c\u0435\u043d\u0442\u0430", "\u0447\u0435\u043b\u043e\u0432\u0435\u043a", "\u0432\u044b\u0441\u043e\u0442\u0430", "\u0438\u0437", "\u0433\u0434\u0435", "\u043d\u0435", "\u0445\u043e\u0437\u044f\u0439\u0441\u0442\u0432\u0435", "\u043c\u0443\u0437\u044b\u043a\u0435", "\u043c\u0430\u0440\u0430\u043b", "\u0437\u0432\u0443\u043a", "\u0447\u0435\u0440\u0442\u043e\u043f\u043e\u043b\u043e\u0445", "\u043c\u0435\u0434\u043d\u043e\u0439", "\u0441\u043a\u0440\u044f\u0433\u0430", "\u0441\u0432\u0438\u0449\u0435\u0442", "\u0447\u0435\u0433\u043e", "\u0438\u0437\u043e\u0431\u0440\u0435\u0442\u0435\u043d", "\u043a\u043e\u0433\u0434\u0430", "\u0438\u0449\u0435\u0442", "\u0431\u0443\u043c\u0430\u0433\u0443", "\u0443\u0445\u043e", "\u0442\u044f\u0433\u0430", "\u0435\u0449\u0435", "\u043d\u0435\u0442", "\u0437\u0435\u043c\u043b\u044f", "\u043e\u043d", "\u043e\u043a\u0442\u0430\u0432\u0435", "\u0441\u0430\u043c\u044b\u0439", "\u0434\u0443\u0445\u043e\u043c", "\u043d\u0438\u0449\u0438\u0439", "\u043c\u043e\u043c\u0435\u043d\u0442\u0430", "\u0432\u043f\u0440\u044f\u043c\u044c", "\u0434\u0432\u0430", "\u043f\u044f\u0442\u044b\u0439", "\u043c\u043d\u0435\u043d\u0438\u044f", "\u0432\u043e\u043e\u0431\u0449\u0435", "\u0440\u0433\u0430\u043d", "\u044d\u043f\u0438\u0437\u043e\u0434", "\u043f\u0435\u043d\u0438\u044f", "\u043d\u0430\u0433\u043e\u0440\u043d\u044b\u0445", "\u0442\u0440\u0443\u0431", "\u0441\u043a\u0440\u043e\u043c\u043d\u043e\u0433\u043e", "\u0446\u0435\u0445\u0430", "\u043a\u043e\u0442\u043e\u0440\u044b\u0439", "\u0443\u0431\u043e\u0433", "\u043d\u0438", "\u043d\u0435\u0433\u043e", "\u044d\u043f\u043e\u0441", "\u043c\u044b", "\u043a", "\u0435\u0441\u0442\u044c", "\u0442\u0440\u0443\u0431\u0435", "\u043d\u0438\u0447\u0435\u0433\u043e", "\u0431\u0430\u0445", "\u0432\u044b\u0441\u043e\u0442", "\u0440\u0430\u0431\u043e\u0442\u044f\u0433\u0430", "\u043e\u0440\u0433\u0430\u043d", "\u0437\u0432\u0443\u0447\u0438\u0442", "\u043c\u043d\u043e\u0433\u043e", "\u0441\u0430\u0433\u0430", "\u043b\u0438\u0448\u043d\u0435\u0433\u043e", "\u0442\u0440\u0438", "\u0445\u043e\u0447\u0435\u0442"]');
INSERT INTO "id_json_words" VALUES(3,'["\u0434\u0443\u0448", "\u0442\u044f\u0436\u0435\u0441\u0442\u044c\u044e", "\u0436\u0438\u0437\u043d\u0438", "\u043f\u0435\u0442\u0435\u043b\u044c\u043a\u0443", "\u0441\u0442\u043e\u043b\u0431", "\u043c\u043e\u0436\u043d\u043e", "\u043e\u0442\u0445\u043b\u044b\u043d\u0443\u0442\u044c", "\u0441\u043e\u0437\u043d\u0430\u043d\u0438\u0435", "\u0441\u0430\u043c\u043e\u0435", "\u0432\u043e\u043b\u043d", "\u0435\u0439", "\u0433\u0440\u0430\u043d\u0438\u0446\u044b", "\u043f\u043e\u0442\u0435\u0440\u044f\u0442\u044c", "\u0443\u043f\u0438\u0442\u044c\u0441\u044f", "\u0441\u0442\u043e\u043b\u0431\u043e\u0432", "\u0431\u044c\u0451\u0448\u044c\u0441\u044f", "\u043a\u0430\u043a", "\u043d\u0443\u0436\u0435\u043d", "\u0434\u0440\u0443\u0433\u0438\u0435", "\u0432\u043b\u0435\u043a\u043b\u0430", "\u0431\u043e\u0433\u0438", "\u0438\u043b\u0438", "\u0441\u0442\u043e\u044f\u0442\u044c", "\u0441\u043c\u0435\u0440\u0442\u0435\u0439", "\u043e\u0441\u043d\u0430\u0441\u0442\u043a\u0430", "\u0432\u0438\u043d\u044b", "\u043e\u0439\u043a\u0443\u043c\u0435\u043d\u044b", "\u0432\u0441\u0435\u0439", "\u0436\u0435\u0441\u0442\u044c", "\u0438\u043d\u0430\u0447\u0435", "\u0433\u0435\u0440\u043e\u044f", "\u0430\u0445\u0435\u0439\u0446\u0435\u0432", "\u043a\u0440\u0430\u0439", "\u0441\u0443\u0434\u044c\u0431\u043e\u0439", "\u043e\u0447\u0435\u0440\u0442\u0438\u0442\u044c", "\u0441\u043a\u0440\u0435\u043f\u0438\u0442", "\u0432\u044b\u0445\u043e\u0434", "\u043e\u0442\u043c\u0435\u0442\u0438\u0432\u0448\u0438\u0445", "\u043a\u0440\u0430\u044f", "\u043a\u0440\u0443\u0433", "\u043d\u0430\u043c", "\u0432\u0437\u0433\u043b\u044f\u0434", "\u044f\u0440\u043e\u0441\u0442\u043d\u0435\u0439", "\u0431\u0438\u0440\u044e\u0437\u043e\u0432\u044b\u0445", "\u0433\u043d\u0435\u0442\u0441\u044f", "\u043f\u0440\u0438\u0431\u0440\u0435\u0436\u043d\u044b\u0445", "\u0437\u0434\u0435\u0441\u044c", "\u044f\u0434", "\u0441\u0434\u0435\u043b\u0430\u0442\u044c", "\u0434\u043e\u0439\u0442\u0438", "\u0435\u0441\u0442\u044c", "\u043f\u0440\u043e\u0434\u0435\u0442\u044c", "\u0442\u0440\u043e\u044e", "\u043c\u043d\u0435", "\u043a\u0440\u0443\u0433\u0430", "\u0447\u0442\u043e", "\u0446\u0430\u0440\u0441\u0442\u0432\u0443\u044e\u0442", "\u043f\u044c\u0435\u0448\u044c", "\u0441\u0435\u0431\u044f", "\u0436\u0430\u043b\u044c", "\u044f\u0441\u0435\u043d", "\u0433\u0434\u0435", "\u0442\u0443\u0434\u0430", "\u043d\u0430", "\u0433\u0435\u0440\u0430\u043a\u043b\u043e\u0432\u044b\u0445", "\u043f\u043e\u0434\u043d\u043e\u0436\u0438\u0435", "\u043d\u0435\u0442", "\u0442\u043e\u0441\u043a\u0430", "\u0433\u043e\u0440\u0438\u0437\u043e\u043d\u0442\u0430", "\u043f\u0440\u0438\u043b\u0438\u0432\u0435", "\u043f\u0440\u0435\u0434\u0435\u043b", "\u0441\u043b\u0443\u0448\u0430\u0442\u044c", "\u0441\u043d\u0430"]');
INSERT INTO "id_json_words" VALUES(4,'["\u0431\u0440\u043e\u0441\u0438\u043b\u0430", "\u0433\u043e\u0440\u0431", "\u0441\u0433\u0438\u0431\u0430\u0442\u044c", "\u0440\u0435\u043a\u0430", "\u043b\u0438\u0448\u044c", "\u0442\u043e\u0433\u043e", "\u0440\u044b\u0431\u0443", "\u0431\u0440\u0435\u0433", "\u043c\u0435\u043d\u044f", "\u0441\u0435\u0431\u044f", "\u0430\u0438\u0434\u0430", "\u0432\u0434\u0440\u0443\u0433", "\u0442\u0432\u0435\u0440\u0434\u044b\u043d\u0435\u0439", "\u0432\u0441\u043f\u043e\u043c\u043d\u0438\u043b"]');
INSERT INTO "id_json_words" VALUES(5,'["\u0437\u0435\u043c\u043b\u0438", "\u0441\u043e\u043b\u043d\u0446\u0435", "\u043a\u0430\u043b\u0435\u043a\u0430", "\u043c\u043e\u0433\u043b\u0438", "\u043f\u0440\u0438\u0448\u043b\u0430", "\u0440\u0438\u0441\u043e\u0432\u043e\u0439", "\u043b\u0435\u043f\u0435\u0441\u0442\u043a\u0430", "\u043f\u043e\u0432\u0430\u0434\u043a\u0438", "\u0441\u0443\u043c\u043a\u0435", "\u0441\u043b\u0443\u0433", "\u0443\u0437\u043d\u0430\u0432\u0430\u0442\u044c", "\u0432\u043e\u0434\u0443", "\u0432\u0435\u0441\u043d\u0430", "\u0443\u0436", "\u0441\u043c\u0435\u0440\u0442\u044c", "\u043f\u0440\u0438\u043d\u043e\u0440\u043e\u0432\u0438\u0432\u0448\u0438\u0441\u044c", "\u0431\u0440\u0430\u0442\u0438\u044e", "\u0443\u043f\u0430\u043b\u0438", "\u043f\u043e\u0439", "\u0432\u0438\u0448\u043d\u0451\u0432\u044b\u0439", "\u0441\u0432\u043e\u0435\u0439", "\u0431\u043e\u0436\u044c\u0438\u0445", "\u0432\u0441\u0442\u0440\u0435\u0447\u0430\u0435\u0442", "\u043f\u043e\u0445\u043b\u0451\u0431\u043a\u043e\u0439", "\u0441\u0443\u0434\u044c\u0431\u044b", "\u0435\u0441\u043b\u0438", "\u0432\u044b\u0440\u0443\u0431\u0438\u0442\u044c", "\u0444\u0430\u0440\u0444\u043e\u0440\u043e\u0432\u043e\u0439", "\u0441\u0432\u0438\u0440\u0435\u043b\u0438", "\u043f\u0440\u043e\u0441\u043d\u0438\u0441\u044c", "\u0440\u043e\u0431\u043a\u043e\u0439", "\u0441\u043b\u0435\u043f\u043e\u0439", "\u0437\u0430\u0440\u0438", "\u043d\u043e", "\u0432\u0435\u0440\u043d\u0443\u0442\u044c", "\u0447\u0435\u043b\u043e\u0432\u0435\u043a\u0430", "\u0434\u0432\u0430", "\u043c\u0430\u0441\u0442\u0435\u0440", "\u0442\u044f\u0436\u0435\u0441\u0442\u0438", "\u043f\u0440\u0438\u043d\u0438\u043a", "\u0434\u0437\u0435\u043d\u0441\u043a\u0438\u0439", "\u0437\u0430\u0432\u0435\u0440\u0448\u0438\u043b\u043e", "\u0441\u0438\u0445", "\u0442\u0440\u043e\u0441\u0442\u043d\u0438\u043a", "\u0437\u0430", "\u043a\u0430\u0434\u043a\u0438", "\u0442\u0430\u043a", "\u0437\u0435\u043c\u043b\u0435", "\u0432\u043e\u0434\u0435", "\u043b\u0435\u043f\u0435\u0441\u0442\u043e\u043a"]');
INSERT INTO "id_json_words" VALUES(6,'["\u0440\u0430\u0437\u043d\u044b\u0445", "\u0431\u0435\u0434\u0430", "\u0434\u0435\u043b\u0430\u0435\u0442", "\u0440\u0430\u0437\u0433\u0430\u0440", "\u0445\u0440\u0430\u043c\u043e\u0432", "\u043f\u0443\u0441\u0442\u043e\u0442\u0430", "\u0442\u0440\u0443\u0434\u0430", "\u043c\u0430\u0441\u0441\u043e\u0439", "\u043a\u0430\u0440\u0431\u0438\u0434", "\u0433\u0440\u0435\u0445", "\u043f\u0430\u0445\u043d\u0435\u0442", "\u043c\u044b\u0441\u043b\u0438", "\u043f\u0435\u0440\u0435\u0431\u0438\u0442", "\u043f\u043e\u0434\u043e\u0448\u0432", "\u0440\u0432\u0430\u043d\u0438", "\u043c\u043e\u043b\u043d\u0438\u044f", "\u043e\u0434\u0430\u0445", "\u0441\u0432\u043e\u0434\u044b", "\u0430\u0434\u0430\u043c\u043e\u0432", "\u043a\u0440\u0435\u043f\u0447\u0435", "\u043c\u044b\u0441\u043b\u0438\u0442\u044c", "\u0434\u0430\u0440", "\u043f\u0443\u0441\u0442\u043e\u0442\u0430\u0445", "\u043c\u044b\u0441\u043b\u044c", "\u0441\u043c\u0435\u0440\u0442\u044c\u044e", "\u043f\u0443\u0441\u0442\u043e", "\u0433\u0443\u043b\u043a\u0438\u0445", "\u043a\u0430\u0440\u0430\u043d\u0434\u0430\u0448\u0435", "\u0442\u043e\u0442", "\u0433\u0438\u0442\u0430\u0440\u043d\u043e\u0433\u043e", "\u0448\u0430\u043b\u0430\u043c\u043e\u0432", "\u043a\u0443\u0437\u043e\u0432\u0430", "\u043b\u0443\u043a\u043e\u0432\u0438\u0446", "\u0441\u0432\u043e\u0434\u0430\u0445", "\u0441\u0448\u0438\u0432\u0430\u0435\u0442", "\u0431\u0435\u0434\u044b", "\u0442\u0435\u0431\u044f", "\u043c\u044b", "\u0432\u043e\u0437\u0434\u0432\u0438\u0433\u043d\u0443\u0442\u044b\u0445", "\u0434\u044c\u044f\u0432\u043e\u043b\u044c\u0441\u043a\u0438", "\u0434\u0443\u0448\u0435", "\u0440\u0430\u0437\u0432\u0438\u043b\u043a\u0430\u0445", "\u043f\u0440\u0430\u0432", "\u0432\u043e\u0434\u0430", "\u043a\u043e\u0433\u0434\u0430", "\u043c\u043e\u043b\u043d\u0438\u0438", "\u0433\u0440\u0438\u0444\u0435\u043b\u044c\u043d\u044b\u0439", "\u043d\u0435\u043d\u0430\u043f\u0438\u0441\u0430\u043d\u043d\u044b\u0445", "\u043a\u0430\u043a\u043e\u0432"]');
INSERT INTO "id_json_words" VALUES(7,'["\u043e\u0442\u0440\u0430\u0436\u0430\u0435\u0442\u0441\u044f", "\u0434\u0430\u0440\u0432\u0438\u043d\u0430", "\u043a\u0443\u0431\u0438\u0447\u0435\u0441\u043a\u0438\u0439", "\u043c\u0435\u043b\u0438", "\u0440\u043e\u0433", "\u0442\u044b", "\u0437\u043d\u0430\u0435\u0448\u044c", "\u0441\u0432\u043e\u0431\u043e\u0434\u044b", "\u043f\u0440\u043e\u0436\u0438\u043b\u043a\u0430\u043c", "\u043f\u0440\u043e\u0437\u0430\u0438\u043a\u0430", "\u0431\u044b\u043b\u044c", "\u043e\u0431\u043b\u0430\u043a\u043e", "\u043a\u043e\u0442\u043e\u0440\u044b\u0439", "\u043e\u0431", "\u043c\u043e\u0438", "\u043e\u043f\u044b\u0442", "\u0435\u0434\u0438\u043d\u0438\u0446\u044b", "\u0440\u043e\u0433\u043e\u0432\u0438\u0446\u0435", "\u043d\u0438\u0447\u044c\u0438", "\u043a\u0430\u0441\u0430\u0442\u0435\u043b\u044c\u043d\u0430", "\u0438\u0437\u0432\u043b\u0435\u0447\u0435\u043d\u0438\u0438", "\u0440\u0435\u043c\u0435\u0441\u043b\u043e", "\u0431\u043e\u043b\u044c\u0448\u0435\u0440\u043e\u0442\u043e\u0433\u043e", "\u0431\u043e\u043b\u044c\u0448\u0435", "\u0434\u044b\u0448\u0438\u0442", "\u0432\u0438\u043d\u0430", "\u043f\u0440\u043e", "\u043d\u0435\u0431\u044b\u043b\u0438", "\u0441\u0442\u0430\u043b\u0438", "\u043b\u044e\u0434\u0435\u0439", "\u0431\u0438\u0448\u044c", "\u043e\u0434\u043d\u043e\u0433\u043e", "\u0431\u044b\u043b\u0438", "\u0442\u0440\u043e\u043b\u043b\u0435\u0439\u0431\u0443\u0441\u043d\u044b\u0435", "\u0442\u044b\u0441\u044f\u0447\u0443", "\u043e\u0431\u043c\u043e\u0440\u043e\u043a", "\u0440\u044b\u0431\u0430", "\u043f\u0440\u043e\u0432\u043e\u0434", "\u043a\u043e\u0442\u043e\u0440\u0430\u044f", "\u043a\u043e\u0440\u0435\u043d\u044c", "\u043f\u0440\u043e\u0432\u043e\u0434\u0430", "\u043d\u0435\u0431\u043e\u0441\u0432\u043e\u0434\u0430", "\u0434\u0430", "\u043e\u0442\u043f\u0443\u0449\u0435\u043d\u044b", "\u043e\u043f\u0442\u0438\u043a\u0430", "\u0444\u043e\u0440\u043c", "\u0438\u0437\u0432\u043b\u0435\u043a\u0430\u0439", "\u043e\u0431\u043b\u0430\u043a\u0430", "\u0441\u043c\u043e\u0442\u0440\u0438\u0448\u044c", "\u043f\u0440\u043e\u0441\u0442\u0430\u044f", "\u043c\u0438\u043d\u0443\u0441", "\u0440\u0430\u0431\u043e\u0442\u0430\u0435\u0442", "\u0431\u0435\u0440\u0435\u0433\u0443", "\u0443\u043f\u043e\u0434\u043e\u0431\u0438\u0448\u044c", "\u0437\u0430\u043e\u0447\u043d\u043e\u0441\u0442\u0438", "\u043f\u0440\u0438\u0432\u043e\u043b\u044c\u043d\u0435\u0439", "\u043a\u043e\u0440\u043d\u044f", "\u043e\u043f\u0440\u043e\u043a\u0438\u043d\u0443\u0442\u043e\u0441\u0442\u044c", "\u044d\u0442\u0430"]');
INSERT INTO "id_json_words" VALUES(8,'["\u0431\u0440\u0435\u0432\u0435\u043d", "\u043a\u043e\u043d\u044f", "\u0445\u0430\u044f\u0442", "\u0445\u0440\u0435\u0431\u0435\u0442", "\u043f\u0435\u0440\u0435\u0431\u0435\u0440\u0435\u0448\u044c", "\u043b\u0435\u0442\u044f\u0442", "\u0431\u0443\u043a\u0432", "\u0441\u0442\u0432\u043e\u0440\u0447\u0430\u0442\u044b\u0439", "\u043e\u0431\u0435\u043d", "\u043a\u0430\u043c\u0435\u043d\u044c", "\u0447\u0430\u0441", "\u0441\u0447\u0435\u0442", "\u0447\u0435\u0442\u044b\u0440\u0435", "\u0441\u043b\u043e\u0436\u0435\u043d", "\u043c\u0435\u0441\u0442\u0430\u043c\u0438", "\u043f\u044c\u0435\u0442", "\u0448\u0430\u0433", "\u043a\u043e\u0442\u043e\u0440\u043e\u0435", "\u0447\u0438\u0442\u0430\u044e\u0442", "\u043f\u0440\u043e\u0441\u0442\u043e", "\u043f\u043e\u043c\u0435\u043d\u044f\u0435\u0448\u044c", "\u0431\u0430\u044e\u043a\u0430\u044e\u0442", "\u043f\u043b\u0430\u043d\u0443", "\u043b\u0430\u0442\u0430\u044e\u0442", "\u0432\u0440\u0435\u043c\u044f", "\u043f\u0430\u0441\u0435\u0442", "\u043d\u0435\u0440\u043e\u0432\u0435\u043d", "\u043b\u0435\u0442", "\u043c\u0435\u0441\u0442\u043e\u0431\u043b\u044e\u0441\u0442\u0438\u0442\u0435\u043b\u0435\u043c", "\u044d\u0442\u043e", "\u043e\u043a\u0435\u0430\u043d\u0430", "\u0442\u0435\u0441\u0430\u043f", "\u0441\u0447\u0438\u0442\u0430\u044e\u0442", "\u043a\u043e\u0440\u043e\u0431", "\u043d\u0430\u043e\u0431\u043e\u0440\u043e\u0442", "\u0431\u0443\u043a\u0432\u044b", "\u043d\u0430\u0432\u0437\u043d\u0438\u0447\u044c", "\u043f\u0442\u0438\u0446\u044b", "\u0441\u043e\u043d", "\u0441\u043b\u043e\u0432\u0435", "\u0447\u0443\u0440", "\u0438\u0441\u0442\u0446\u043e\u043c", "\u0442\u0430\u043c", "\u0442\u0435\u043b\u044f\u0442", "\u0432\u0445\u043e\u0434", "\u0441\u043b\u043e\u0432\u0430", "\u0441\u043d\u043e\u0432\u0430", "\u0437\u0434\u0435\u0441\u044c", "\u0432\u0438\u0434", "\u0431\u0435\u0437", "\u0431\u043e\u043b\u0442\u0430\u044e\u0442", "\u043a\u043b\u044e\u0447\u0438\u0446\u044b", "\u043c\u0435\u0441\u0442\u043e", "\u0442\u044f\u043b\u0435\u0442", "\u0441\u0442\u0430\u043d\u0443", "\u0441\u043b\u043e\u0432\u0430\u0440\u044f", "\u0440\u0430\u0441\u043a\u0440\u044b\u0432\u0430\u044e\u0442", "\u0431\u0443\u043a\u0432\u044b", "\u0431\u044b\u043b\u043e", "\u0442\u0435\u043b\u0435", "\u0446\u0435\u0432\u044c\u0435\u043c", "\u0432\u0440\u0435\u043c\u0435\u043d\u0438", "\u0441\u043e", "\u0438\u0431\u043e", "\u0440\u0435\u043f\u0435\u0442\u0438\u0446\u0438\u0439", "\u043b\u0435\u0436\u0430\u0449\u0435\u0433\u043e", "\u0447\u0438\u0442\u0430\u0435\u0442\u0441\u044f", "\u0440\u0443\u0447\u044c\u044f", "\u0432\u0438\u0434\u0438\u0442", "\u0441\u043b\u0430\u0432\u044f\u0442", "\u0442\u0435\u0447\u0435\u0442"]');
INSERT INTO "id_json_words" VALUES(9,'["\u043c\u044b\u043a\u0430\u0442\u044c\u0441\u044f", "\u0441\u0442\u043e\u0438\u0442", "\u0434\u043d\u0435\u0439", "\u0433\u0443\u0431\u0430\u043c", "\u0432\u0437\u0434\u043e\u0445", "\u0433\u0443\u0431", "\u0440\u0435\u0447\u0438", "\u043d\u0430\u0434\u043e", "\u0432\u043e\u043b\u043d\u044b", "\u043d\u0438\u0442\u0438", "\u043f\u043e\u043b\u0443\u0434\u0435\u043d\u043d\u0430\u044f", "\u0431\u0430\u0440\u0430\u043d\u044c\u0435", "\u043c\u043e\u0439\u0440\u044b", "\u043a\u043e\u0432\u044b\u043b\u044c", "\u0430\u0439\u0441\u0430", "\u0441\u043e\u0445\u0440\u0430\u043d\u0438\u0442\u044c", "\u0441\u0440\u0443\u0431", "\u0434\u044b\u0445\u0430\u043d\u044c\u0435", "\u0434\u043d\u0435", "\u0433\u0443\u0431\u044b", "\u0434\u0430\u043d\u0430", "\u043a\u043e\u043d\u0441\u043a\u0438\u043c", "\u043f\u043e", "\u0441\u0442\u0435\u043a\u043b\u043e", "\u0433\u043e\u0440\u043d\u0438\u043b\u0443", "\u0432\u0438\u043e\u043b\u043e\u043d\u0447\u0435\u043b\u0438", "\u0437\u0435\u043d\u0438\u0442\u0435", "\u0448\u0435\u0440\u0441\u0442\u044c", "\u0442\u0432\u043e\u0440\u0447\u0435\u0441\u043a\u0438\u043c", "\u043f\u0435\u0440\u0435\u0434\u044b\u0448\u043a\u0430", "\u043b\u043e\u0431", "\u0434\u0430\u0442\u044c", "\u043f\u0440\u0435\u0432\u043e\u0437\u043c\u043e\u0433\u0430\u044f", "\u0431\u044a\u044e\u0442\u0441\u044f", "\u043f\u0430\u0443\u0437\u0430", "\u0433\u0443\u0431\u043a\u0443", "\u0441\u0441\u043e\u0445\u0448\u0438\u0435\u0441\u044f", "\u043f\u0440\u0435\u043f\u043e\u0434\u043d\u043e\u0441\u0438\u0442", "\u0441\u043c\u044b\u0447\u043a\u0443", "\u043a\u043e\u043d\u044c", "\u043d\u0430\u0434\u043e\u0440\u0432\u0435\u0442", "\u043f\u0440\u0435\u0434\u043f\u043b\u0435\u0447\u044c\u0435", "\u0438\u0437\u044a\u044f\u0442\u044c", "\u0432\u0435\u0440\u0435\u0442\u0435\u043d\u0430", "\u0444\u043b\u0435\u0439\u0442\u0430", "\u043f\u0435\u0440\u0432\u043e\u0437\u0434\u0430\u043d\u043d\u044b\u0439", "\u0434\u044b\u0445\u0430\u043d\u044c\u0435", "\u043d\u0430\u0442\u0440\u0443\u0436\u0435\u043d\u043d\u044b\u0435", "\u043d\u0430\u043c", "\u043e\u0433\u043b\u043e\u0445", "\u0448\u0435\u0440\u0448\u0430\u0432\u0430", "\u0437\u0435\u043d\u0438\u0442", "\u0432\u043e\u043b\u043e\u0441\u0430\u043c", "\u0443\u043f\u0440\u044f\u043c\u0441\u0442\u0432\u043e", "\u0441\u0442\u0435\u043a\u043b\u043e\u0434\u0443\u0432\u0443"]');
INSERT INTO "id_json_words" VALUES(10,'["\u0441\u0442\u043e\u043b\u0443", "\u043c\u044b\u0441\u043b\u044c", "\u0432\u0448\u0438\u0432\u0430\u0442\u044c", "\u0432\u0435\u0449\u044c", "\u043a\u0440\u044b\u0448", "\u0442\u0440\u0443\u0445\u0443", "\u043f\u0443\u0441\u0442\u0443\u044e", "\u0440\u0443\u043a", "\u043d\u0430\u0442\u044b\u043a\u0430\u0435\u0442\u0441\u044f", "\u0441\u0443\u0449\u0435\u0441\u0442\u0432\u0443\u0435\u0442", "\u044d\u0442\u0438", "\u043e\u0440\u0433\u0430\u043d\u0430", "\u043a\u043e\u0442\u043e\u0440\u043e\u0439", "\u043c\u0435\u0436\u0434\u0443", "\u0431\u043b\u0430\u0433\u043e\u0434\u0430\u0440\u044f", "\u0431\u0430\u0431\u043e\u0447\u043a\u0438", "\u0437\u0430\u0432\u0430\u0440\u043e\u0447\u043d\u044b\u0439", "\u0442\u0440\u0443\u0431\u0443", "\u043e\u043d\u0438", "\u043f\u0440\u043e\u0441\u0442\u044b\u043b\u0430", "\u043a\u0440\u044b\u043b\u044b\u0448\u043a\u0438", "\u043d\u0430\u0441", "\u0441\u0434\u0443\u0432\u0430\u044f", "\u043b\u0430\u0434", "\u043b\u043e\u043c\u0430\u0435\u0442", "\u043c\u043d\u043e\u0439", "\u0432\u0441\u044f\u043a\u043e\u0433\u043e", "\u0447\u0430\u0439\u043d\u0438\u043a", "\u0433\u0435\u043e\u043c\u0435\u0442\u0440\u0438\u044e", "\u043b\u0430\u0434\u043e\u043d\u0438", "\u0443\u0433\u043b\u043e\u0432\u0430\u044f", "\u043e\u043a\u043e\u043d", "\u0442\u0440\u0443\u0441\u0430\u043c\u0438", "\u043d\u0435\u0441\u043e\u0432\u043f\u0430\u0434\u0435\u043d\u0438\u044f", "\u0432\u0441\u043f\u043e\u0440\u0445\u043d\u0443\u0432\u0448\u0443\u044e", "\u043d\u0438\u0442\u043a\u0443", "\u043f\u0440\u043e\u0435\u043c", "\u0445\u0443\u0434\u043e\u0431\u0443", "\u043e\u043a\u043e\u043d\u043d\u044b\u0439", "\u0441\u0442\u0435\u0440\u0442\u044b", "\u0441\u043a\u0432\u043e\u0437\u043d\u044f\u043a", "\u0432\u0435\u0449\u0438", "\u0441\u043b\u043e\u0432\u0438\u0442\u044c", "\u0437\u043b\u044f\u0441\u044c", "\u043c\u0430\u0435", "\u043a\u0432\u0430\u0440\u0442\u0438\u0440\u0430", "\u0443\u0437\u043e\u0440", "\u043d\u0430\u0434\u0435\u0436\u0434\u0430", "\u043a\u0440\u044b\u0448\u043a\u0438", "\u0441\u0443\u0434\u044c\u0431\u0443", "\u0440\u0430\u0441\u0441\u044b\u043f\u0447\u0430\u0442\u0430", "\u0443\u0431\u0438\u0440\u0430\u044f", "\u0448\u0435\u043a\u0441\u043f\u0438\u0440\u0430", "\u043f\u0443\u0441\u0442\u044f\u043a\u0443", "\u043f\u043e\u0433\u0440\u0435\u0448\u043d\u043e\u0441\u0442\u044c", "\u0431\u043b\u0430\u0433\u0430\u044f", "\u043e\u0442\u043a\u0440\u044b\u0442\u044b\u0445", "\u0440\u0430\u0437\u0434\u0443\u043c\u044c\u044f", "\u0440\u0443\u043a\u043e\u0434\u0435\u043b\u0438\u044f", "\u043a\u0440\u0443\u0433\u043b\u044b", "\u0446\u0438\u0442\u0430\u0442\u044b", "\u0437\u0430\u043c\u044b\u0441\u043b\u0430"]');
INSERT INTO "id_json_words" VALUES(11,'["\u0441\u043b\u043e\u0432\u043e\u0443\u043f\u043e\u0442\u0440\u0435\u0431\u043b\u0435\u043d\u0438\u044f", "\u043c\u0430\u043d\u0442\u0440\u044b", "\u043d\u0435\u0431\u0435", "\u043f\u0435\u0440\u0435\u0436\u0435\u0432\u044b\u0432\u0430\u043b", "\u043a\u043e\u043f\u043e\u0442\u044c\u044e", "\u043e\u0442\u0440\u0443\u0431\u044f\u043c\u0438", "\u0433\u043e\u043b\u043e\u0441", "\u043a\u0440\u0430\u044e", "\u044d\u0448\u0435\u043b\u043e\u043d", "\u043d\u0438\u043a\u0430\u043a\u043e\u0433\u043e", "\u043d\u0430\u0434\u043b\u043e\u043c\u043b\u0435\u043d\u043d\u044b\u0439", "\u043c\u0435\u0434\u044c", "\u0437\u0438\u044f\u043d\u0438\u0435", "\u0442\u0440\u0443\u0431\u044b", "\u0432\u0435\u0442\u044c", "\u0445\u0440\u044f\u0449\u0438\u043a", "\u0441\u043e\u0431\u044b\u0442\u0438\u0435", "\u0443\u043f\u0430\u0441\u0438", "\u0432\u043e\u043d", "\u043c\u044f\u0442\u043e\u0439", "\u0445\u0432\u0430\u0442\u0438\u0442", "\u0441\u043b\u0443\u0445", "\u0443\u0441\u043b\u0443\u0433\u0430", "\u0434\u0432\u043e\u0439\u043d\u043e\u0433\u043e", "\u0432\u0442\u043e\u0440\u0435\u043d\u0438\u0435", "\u043a\u043e\u0440\u043d\u0435\u043c", "\u0441\u0440\u044b\u0432", "\u043f\u0440\u0438\u0441\u0442\u0430\u0432\u043a\u043e\u0439", "\u0431\u0430\u044e\u0449\u0438\u0439", "\u0447\u0435\u0440\u0434\u0430\u043a\u0435", "\u044d\u0445\u0430", "\u0430\u043c\u0444\u043e\u0440\u0430", "\u0437\u0435\u0440\u043d\u043e", "\u0433\u0430\u0437\u0435\u0442\u0435", "\u043a\u0438\u0441\u043b\u0430\u044f", "\u043d\u0430\u043f\u043b\u044b\u0432\u0430\u0435\u0442", "\u043f\u0440\u0438\u0441\u044b\u043f\u0430\u0442\u044c", "\u0431\u043e\u0436\u0435", "\u0438\u0437\u0434\u0430\u043b\u0435\u043a\u0430", "\u0440\u0435\u0431\u0440\u0430", "\u0436\u0438\u0440\u043e\u043c", "\u0440\u044f\u0434\u0430", "\u0436\u0435\u043b\u0442\u0435\u044e\u0449\u0438\u0439", "\u0442\u0430\u043a\u043e\u0433\u043e", "\u043e\u0442\u043a\u0440\u043e\u044e", "\u0441\u0442\u0430\u043d\u043a\u0435", "\u0432\u0445\u043e\u0434\u0438\u0442", "\u0443\u0437\u043d\u0430\u044e", "\u0442\u0440\u0430\u043d\u0441\u043f\u043e\u0440\u0442\u043d\u044b\u0439", "\u0432\u044b\u043f\u0430\u0434\u0430\u044f", "\u043f\u0443\u0433\u0430\u044e\u0449\u0438\u0439", "\u0442\u043e\u0448\u043d\u043e\u0442\u0430", "\u0443\u0445\u0430", "\u0432\u044b\u0442\u0435\u043a\u0430\u044e\u0449\u0438\u0439", "\u0432\u0435\u0440\u0442\u0438\u0442\u0441\u044f", "\u0433\u043e\u0440\u043b\u0443", "\u043f\u043e\u0432\u0442\u043e\u0440\u0435\u043d\u0438\u0435", "\u0448\u043b\u0438\u0444\u043e\u0432\u0430\u043b\u044c\u043d\u043e\u043c", "\u043d\u043e\u0442\u043d\u043e\u0433\u043e", "\u0441\u043b\u0443\u0445\u0430", "\u0441\u043b\u043e\u0432\u0430\u043c\u0438", "\u043f\u0440\u0438\u0445\u043e\u0436\u0443", "\u044d\u0441\u0441\u0435\u043d\u0446\u0438\u044f", "\u0441\u0435\u0433\u043e\u0434\u043d\u044f", "\u0442\u0440\u0435\u0431\u0443\u0435\u0442", "\u0431\u0440\u0435\u044e\u0449\u0438\u0439", "\u0431\u0443\u043c\u0430\u0433\u0430", "\u0445\u0440\u0438\u043f\u0430", "\u0442\u043b\u0435\u044e\u0449\u0438\u0439", "\u0437\u0430\u0431\u0438\u043b\u0438\u0441\u044c", "\u043e\u043f\u044b\u0442\u0435", "\u0441\u043f\u0438\u0440\u0442", "\u044d\u0445\u043e", "\u0437\u0430\u0442\u044b\u043b\u043a\u0430", "\u043e\u0434\u043d\u043e\u0432\u0440\u0435\u043c\u0435\u043d\u043d\u044b\u0439", "\u0437\u0440\u0435\u043d\u0438\u044f", "\u043e\u0441\u0442\u0443\u0441\u0442\u0432\u0442\u0443\u0435\u0442", "\u043e\u043d\u043e", "\u0441\u043e\u0434\u0435\u0440\u0436\u0430\u043d\u0438\u044f", "\u0433\u043e\u043b\u043e\u0441\u0430", "\u043a\u043e\u0440\u043c\u0430", "\u044f\u0437\u044b\u043a\u0435", "\u0440\u0436\u0430", "\u0441\u043f\u043e\u0442\u044b\u043a\u0430\u043d\u0438\u0435", "\u043f\u0440\u0438\u043b\u0438\u043f\u0448\u0438\u0439", "\u0441\u0442\u0430\u0440\u043e\u0439", "\u0432\u0435\u0447\u043d\u043e\u0441\u0442\u044c", "\u043b\u0438\u0446\u0430", "\u043d\u0430\u043f\u0438\u0445\u0430\u043d\u043d\u043e\u0435", "\u043d\u0435\u0431\u0435\u0441\u043d\u044b\u0435", "\u0431\u044b\u0442\u0438\u044f", "\u0432\u043e\u0440\u0432\u0430\u043d\u044c\u044e", "\u0441\u044b\u0442\u043e\u0433\u043e", "\u0432\u0435\u0447\u043d\u043e", "\u0433\u0430\u0437"]');
INSERT INTO "id_json_words" VALUES(12,'["\u0434\u043e\u0440\u0435\u0432\u043e\u043b\u044e\u0446\u0438\u043e\u043d\u043d\u043e\u0439", "\u043e\u0431\u043b\u0435\u0437\u043b\u0430\u044f", "\u0441\u043a\u0432\u043e\u0437\u043d\u044b\u0435", "\u0432\u043e\u0440\u0441\u0438\u0441\u0442\u043e\u0439", "\u043f\u0430\u043c\u044f\u0442\u0438", "\u0434\u0430\u043a\u0442\u0438\u043b\u043e\u0441\u043a\u043e\u043f\u0438\u044f", "\u0443\u043b\u0438\u0442\u043a\u0438", "\u0441\u0442\u0432\u043e\u0440\u043a\u0438", "\u0441\u0442\u0430\u0440\u043e\u043c", "\u0441\u043e\u0431\u0430\u0447\u044c\u0435\u0433\u043e", "\u043f\u043e\u043b\u043e\u0432\u0438\u0446\u0430\u0445", "\u043f\u043e\u0434\u044a\u0435\u0437\u0434", "\u0432\u044b\u0433\u0440\u0443\u0436\u0430\u0435\u0448\u044c", "\u0442\u0440\u0435\u0432\u043e\u0433\u0430", "\u043e\u0442\u043a\u0440\u044b\u043b\u0430", "\u0445\u043e\u0434\u0430", "\u0441\u043a\u0438\u0441\u0430\u044e\u0442", "\u043f\u043b\u0438\u0442\u043a\u0438", "\u044d\u043f\u043e\u0445\u0435", "\u043d\u043e\u0441\u0430", "\u0440\u0430\u0441\u043a\u0440\u044b\u0442\u044b\u0435", "\u043b\u0443\u0447\u0435\u0437\u0430\u0440\u043d\u043e\u0435", "\u0438\u0434\u0435\u0442", "\u0432\u0435\u0447\u0435\u0440\u043e\u043c", "\u043f\u0440\u0438\u0435\u0434\u0435\u0442", "\u0441\u043a\u0432\u043e\u0437\u043d\u043e\u0433\u043e", "\u043d\u0430\u0447\u0435\u0440\u0442\u0438\u0448\u044c", "\u043d\u0430\u0442\u0440\u0443\u0436\u0435\u043d\u043d\u043e\u0439", "\u0432\u0430\u043d", "\u043f\u043e\u0438\u0433\u0440\u044b\u0432\u0430\u044f", "\u0431\u0430\u043b\u043a\u043e\u043d\u0435", "\u0443\u043b\u043e\u0432", "\u043a\u0438\u0435\u0432\u0435", "\u0443\u0448\u0435\u0434\u0448\u0435\u0439", "\u0437\u0430\u043a\u0443\u043f\u043e\u0440\u0435\u043d\u043d\u044b\u0445", "\u0437\u0430\u0434\u0432\u043e\u0440\u043a\u0438", "\u0431\u0440\u043e\u0434\u0438\u0442", "\u0433\u0440\u0435\u043c\u044f\u0442", "\u043a\u0440\u0430\u0441\u043a\u0430", "\u0440\u043e\u0433\u0430", "\u0434\u043e\u043c\u0430", "\u0434\u0432\u043e\u0440\u0430\u0445", "\u0442\u0430\u043a\u043e\u0439", "\u043a\u043b\u0430\u0432\u0438\u0448\u0430\u0445", "\u0441\u043a\u0432\u043e\u0437\u044c", "\u043c\u043e\u043a\u0440\u044b\u0435", "\u0432\u0435\u0441\u043d\u0430", "\u043e\u0431\u0440\u044b\u0432\u043a\u0435", "\u043a\u043e\u043b\u0435\u043d\u0438", "\u044d\u0442\u043e", "\u043b\u0435\u043f\u0438\u0442", "\u043e\u0441\u0442\u0430\u043d\u043e\u0432\u0438\u0441\u044c", "\u0433\u0440\u0443\u0448\u0438", "\u0432\u043e\u0442", "\u0433\u043b\u043e\u0445\u043d\u0435\u0442", "\u0442\u044f\u0433\u0430", "\u0441\u0442\u0430\u0440\u0438\u043a", "\u043f\u0440\u043e\u0441\u0442\u0443\u0436\u0435\u043d\u043d\u0430\u044f", "\u043f\u043e\u0441\u0443\u0434\u043e\u0439", "\u043d\u0435\u043c\u0443", "\u0443\u0448\u0438", "\u0441\u0442\u0430\u0440\u043e\u0433\u043e", "\u0432\u0432\u0435\u0440\u0445", "\u0434\u043e\u0447\u044c", "\u0445\u043e\u0434\u044b", "\u0441\u0433\u0438\u0431\u0430\u044e\u0442", "\u0432\u044b\u0445\u043e\u0434\u0438\u0442", "\u0434\u0435\u0442\u0435\u0439", "\u043f\u0440\u044f\u043c\u0438\u043a\u043e\u043c", "\u043a\u0438\u0435\u0432", "\u0434\u0443\u0435\u0442", "\u0434\u0432\u0435", "\u0441\u043b\u0443\u0448\u0430\u0439", "\u0441\u0442\u0443\u043f\u0435\u043d\u0438", "\u0433\u043e\u0433\u0430", "\u043f\u043b\u043e\u0434\u044b", "\u043a\u0430\u043c\u043e\u0440\u043a\u0435", "\u0443\u0432\u0435\u0447\u043d\u043e\u0439", "\u0441\u0442\u0440\u0430\u0445", "\u0441\u0442\u0435\u043d\u0430"]');
INSERT INTO "id_json_words" VALUES(13,'["\u0433\u043b\u0430\u0437", "\u043f\u043e\u0441\u043b\u0435\u0434\u043d\u0435\u0439", "\u0446\u0435\u0434\u0438\u0448\u044c", "\u043c\u0438\u0440", "\u043e\u0431\u043a\u0443\u0441\u0430\u043d\u043d\u044b\u0445", "\u0437\u0430\u043c\u0435\u0442\u043d\u0430", "\u043a\u043b\u0438\u043d\u0443", "\u0441\u043f\u043b\u0438\u043d\u0430", "\u0434\u043e\u0436\u0434\u044c", "\u0433\u043e\u0440\u0435\u043c", "\u0437\u0435\u043c\u043b\u044e", "\u043b\u0438\u0440\u044b", "\u0447\u0435\u0440\u043d\u0438\u043b\u0430", "\u0443\u043a\u0440\u0430\u0441\u0442\u044c", "\u043f\u0440\u043e\u0441\u0442\u0443\u0436\u0435\u043d\u043d\u043e\u0439", "\u0437\u0430\u043c\u0438\u0440\u0430\u0435\u0442", "\u0432\u0441\u043a\u0440\u044b\u0442\u043e\u0439", "\u043f\u0440\u043e\u043f\u0430\u0436\u0443", "\u0443\u043b\u0435\u0447\u044c\u0441\u044f", "\u0440\u0430\u043a\u0443\u0448\u043a\u0438", "\u0441\u0430\u0436\u0435", "\u043d\u0435\u0443\u043a\u043b\u044e\u0436", "\u043a\u0430\u043f\u043b\u0435", "\u043f\u0430\u0432\u0448\u0438\u0445", "\u0441\u0442\u0435\u043a\u0430\u044f", "\u043e\u0441\u0435\u043d\u043d\u0435\u0433\u043e", "\u0431\u0443\u043c\u0430\u0433\u0438", "\u043e\u0433\u0440\u044b\u0437\u043a\u0435", "\u043c\u0438\u0440\u0430", "\u0432\u043b\u0430\u0433\u0438", "\u0442\u0435\u043b\u0430", "\u0432\u0441\u0435\u0433\u0434\u0430", "\u0441\u0442\u043e\u043b\u044c", "\u043b\u0443\u0436", "\u0437\u0430\u043f\u0438\u0441\u043a\u0438", "\u0433\u043b\u0430", "\u0443\u0431\u0438\u0439\u0441\u0442\u0432\u0430", "\u0441\u0442\u0440\u043e\u044f", "\u0436\u0435\u0441\u0442", "\u0443\u0432\u0438\u0434\u0435\u0432", "\u043a\u0440\u0430\u0436\u0430", "\u043e\u0442\u0440\u0430\u0436\u0435\u043d\u0438\u0435"]');
INSERT INTO "id_json_words" VALUES(14,'["\u043d\u0435\u0432\u0435\u0447\u0435\u0440\u043d\u0438\u0439", "\u0442\u043e\u043c", "\u0432\u0435\u0442\u0440\u0443", "\u0437\u0430\u0438\u0433\u0440\u0430\u043b\u0438", "\u043f\u0440\u0438\u044e\u0442\u043e\u043c", "\u0432\u0441\u043f\u043e\u043c\u0438\u043d\u0430\u0435\u0442", "\u0433\u0440\u043e\u0437", "\u043c\u0451\u0440\u0442\u0432\u044b\u0445", "\u0441\u0436\u0438\u043c\u0430\u0435\u0442", "\u0442\u0435\u043b\u043e", "\u043f\u0435\u043f\u0435\u043b", "\u043f\u0443\u0441\u0442\u043e\u0442\u0435", "\u043d\u0435\u0432\u043f\u043e\u043f\u0430\u0434", "\u043c\u0430\u043a", "\u0433\u043e\u0432\u043e\u0440\u0438\u0442\u044c", "\u043f\u0443\u0433\u043b\u0438\u0432\u043e", "\u0441\u0432\u0435\u0442", "\u043b\u0435\u043f\u0435\u0442", "\u043a\u043e\u0440\u043e\u0431\u043e\u0447\u043a\u0438", "\u0438\u0437\u043d\u0443\u0442\u0440\u0438", "\u0440\u0430\u0441\u0446\u0432\u0435\u0442\u0448\u0438\u0439", "\u0432\u0434\u043e\u043b\u044c", "\u043d\u0438\u0445", "\u0432\u0435\u0449\u0435\u0439", "\u0431\u043b\u0438\u0437\u043e\u0441\u0442\u044c", "\u0432\u0435\u0442\u0432\u0438", "\u0431\u043e\u0441\u044b\u0435", "\u0441\u0435\u044e\u0442", "\u043d\u043e\u0433\u0438", "\u043f\u0440\u043e\u0441\u0442\u043e\u0440", "\u043b\u0435\u0442\u043d\u0438\u0445", "\u043f\u0440\u0438\u0432\u0435\u0441\u043e\u043a", "\u0432\u044b\u0436\u0436\u0435\u043d\u043d\u044b\u0445", "\u043f\u043e\u043b\u0435\u0439", "\u0440\u0430\u0441\u043a\u043e\u043b\u043e\u043b\u043e\u0441\u044c", "\u0445\u043e\u0440", "\u0438\u0432\u044b", "\u044d\u0442\u043e\u0442"]');
INSERT INTO "id_json_words" VALUES(15,'["\u0443\u0442\u0440\u043e\u043c", "\u043f\u0438\u0447\u0443\u0436\u043a\u0430", "\u0441\u0442\u043e\u044f\u0442\u044c", "\u043b\u0435\u0433\u0447\u0435", "\u0442\u0440\u0443\u0431\u0430\u0445", "\u043f\u0440\u043e\u0437\u0440\u0435\u043d\u0438\u0439", "\u0446\u0430\u0440\u0441\u0442\u0432\u0438\u0435", "\u0441\u0443\u0433\u043b\u0438\u043d\u043a\u043e\u043c", "\u043b\u0435\u0433\u043a\u043e", "\u0441\u043c\u043e\u0442\u0440\u0435\u0442\u044c", "\u0445\u0432\u0430\u043b\u0430", "\u043a\u043e\u0441\u043d\u0435\u0442\u0441\u044f", "\u0432\u0434\u0440\u0443\u0433", "\u043e\u043a\u043e\u0435\u043c", "\u043f\u0442\u0438\u0447\u044c\u0438\u0445", "\u0433\u043e\u0440\u0447\u0438\u0446\u044b", "\u043e\u0431\u043c\u043e\u043b\u0432\u043e\u043a", "\u0441\u043f\u043b\u0435\u043b\u0430", "\u0442\u043e\u043b\u044c\u043a\u043e", "\u0441\u0443\u0440\u0433\u0443\u0447", "\u043f\u0440\u0430\u0432\u0430\u0445", "\u0441\u0442\u043e\u0438\u0448\u044c", "\u043f\u043e\u043b\u0443\u0434\u043d\u044e", "\u044d\u0442\u0430", "\u0449\u0435\u0431\u0435\u0447\u0435\u0442", "\u0438\u0441\u043f\u0443\u0433\u0430\u043d\u043d\u044b\u0439", "\u0442\u0443\u0447", "\u0431\u044c\u0435\u0442\u0441\u044f", "\u043a\u043e\u043b\u044b\u0431\u0435\u043b\u0438", "\u043a\u043e\u043b\u044b\u0448\u0435\u0442", "\u0443\u0441\u044f\u0434\u0435\u0442\u0441\u044f", "\u0445\u043e\u0447\u0435\u0448\u044c", "\u043f\u0438\u0447\u0443\u0436\u0435\u043a", "\u0441\u0432\u043e\u0435\u043c", "\u0441\u0442\u0440\u043e\u0438\u0448\u044c", "\u0432\u043e\u0440\u043e\u0431\u0443\u0448\u043a\u0430", "\u0440\u0430\u0441\u0446\u0432\u0435\u0442\u0448\u0443\u044e", "\u0440\u0430\u043d\u043e", "\u043f\u0435\u0440\u044b\u0448\u0435\u043a", "\u0431\u043b\u0438\u0436\u0435", "\u0443\u0442\u0440\u043e", "\u043f\u0438\u0442\u0430\u0442\u044c\u0441\u044f", "\u0432\u0435\u0442\u043a\u0443", "\u0430\u0441\u0441\u0430\u0440\u0438\u044f", "\u043f\u0435\u0440\u043d\u0430\u0442\u0430\u044f", "\u0441\u0438\u0437\u043e\u043e\u043a\u043e\u0433\u043e", "\u0441\u0442\u0430\u043d\u0435\u0442", "\u043a\u0430\u0441\u0430\u0442\u043a\u0430", "\u043b\u0443\u0436\u0438\u0446\u044b", "\u043f\u0443\u0445\u0430", "\u043e\u0447\u043d\u0435\u0448\u044c\u0441\u044f", "\u0436\u0438\u0437\u043d\u0435\u043d\u043d\u044b\u0439", "\u0443\u0448\u0430\u0445", "\u043d\u0435\u0431\u043e", "\u0448\u0430\u043b\u0430\u0448\u0438\u043a", "\u0440\u0430\u0437\u0438\u043d\u044f", "\u043b\u0435\u0433\u043a\u043e\u0433\u043e", "\u0440\u0430\u0437\u0433\u043e\u0432\u043e\u0440", "\u0441\u0432\u043e\u0439", "\u0440\u0430\u0437\u0433\u043e\u0432\u043e\u0440\u0438\u0442\u0441\u044f", "\u043b\u0430\u0441\u0442\u043e\u0447\u043a\u0443", "\u0431\u044b\u0442\u044c", "\u043f\u043e\u0434\u0443\u0435\u0442", "\u0442\u0432\u0435\u0440\u0434\u044b\u043d\u044e", "\u0440\u0430\u0441\u043f\u043b\u0435\u0441\u043a\u0430\u0435\u0442", "\u0434\u043b\u0438\u0442", "\u043a\u0440\u0443\u0436\u0438\u0442\u0441\u044f", "\u043f\u0442\u0438\u0447\u044c\u0435\u0433\u043e", "\u0441\u043b\u0435\u0433\u043a\u0430"]');
INSERT INTO "id_json_words" VALUES(16,'["\u0431\u0435\u0437\u043c\u0435\u0440\u043d\u043e\u0439", "\u0431\u044b\u0432\u0430\u0435\u0442", "\u043d\u0438\u0449\u0435\u0442\u0443", "\u0441\u0432\u043e\u0435\u0433\u043e", "\u0447\u0435\u043b\u043e\u0432\u0435\u043a\u0443", "\u0441\u0435\u0440\u044b\u043c", "\u0431\u043e\u0433\u043e\u043c\u0430\u0442\u0435\u0440\u0438", "\u0441\u043b\u0438\u0448\u043a\u043e\u043c", "\u0436\u0438\u043b\u0430", "\u0441\u0442\u0440\u0430\u0441\u0442\u043d\u043e\u0433\u043e", "\u043a\u043e\u043c\u043f\u0430\u0441\u0430", "\u0432\u0438\u0434\u0438\u0448\u044c", "\u043d\u0435\u043e\u0447\u0435\u0432\u0438\u0434\u043d\u043e", "\u0437\u043c\u0435\u044f", "\u0442\u043e\u0441\u043a\u0438", "\u043f\u0440\u043e\u0441\u0442\u044b\u043d\u044c", "\u0441\u043c\u044f\u0442\u043e\u0439", "\u0441\u043e\u0431\u0441\u0442\u0432\u0435\u043d\u043d\u0443\u044e", "\u0441\u0442\u0440\u0435\u043b\u043a\u0435", "\u043a\u0430\u0440\u0430\u043d\u0434\u0430\u0448\u043e\u043c", "\u0441\u0430\u043c\u0430", "\u043e\u0433\u043b\u044f\u0434\u044b\u0432\u0430\u0435\u0448\u044c\u0441\u044f", "\u0447\u0442\u043e\u0431\u044b", "\u0432\u0440\u0435\u043c\u044f", "\u043f\u043e\u043d\u044f\u0442\u044c", "\u043e\u0442\u043f\u0435\u0447\u0430\u0442\u043a\u0438", "\u0433\u043b\u0430\u0437\u0430", "\u0432\u044b\u0442\u044f\u0433\u0438\u0432\u0430\u0435\u0442\u0441\u044f", "\u043d\u0438\u0449\u0435\u0439", "\u0441\u0432\u043e\u044e", "\u043d\u0430\u0440\u0438\u0441\u043e\u0432\u0430\u043d\u043d\u043e\u0439", "\u043f\u043e\u0441\u0442\u0435\u043b\u044c", "\u0433\u043b\u0430\u0437\u0430\u0445", "\u043c\u043b\u0430\u0434\u0435\u043d\u0446\u0430", "\u043a\u043e\u0436\u0443", "\u043d\u0430\u0432\u0435\u0440\u043d\u043e\u0435", "\u043f\u043e\u0434\u043e\u0431\u043d\u043e", "\u043e\u043d\u0430", "\u0432\u043e\u0441\u043a\u0440\u0435\u0441\u0435\u043d\u0438\u0435", "\u0445\u0440\u0430\u043d\u044f\u0449\u0443\u044e", "\u0430\u043d\u0433\u0435\u043b", "\u0431\u0435\u0437\u0443\u043c\u043d\u043e\u0439", "\u0434\u0430\u043b\u0438", "\u0441\u043f\u0430\u0441\u0430\u044e\u0449\u0435\u0433\u043e", "\u043f\u0440\u0438\u0434\u0435\u0442", "\u043e\u043f\u043b\u0430\u043a\u0438\u0432\u0430\u0435\u0442", "\u0430\u0440\u0445\u0430\u043d\u0433\u0435\u043b\u0430", "\u0441\u0435\u0433\u043e\u0434\u043d\u044f", "\u0432\u0440\u0443\u0431\u0435\u043b\u044f", "\u0440\u0443\u043a\u0438", "\u044d\u0442\u043e\u0439", "\u0438\u0430\u043a\u043e\u0432\u0430", "\u043a\u0430\u0440\u0442\u0438\u043d\u0435"]');
INSERT INTO "id_json_words" VALUES(17,'["\u043f\u043e\u043a\u0430", "\u0441\u0432\u0435\u0440\u0448\u0438\u043b", "\u0441\u043a\u0430\u043b\u0435", "\u0434\u0440\u0443\u0433\u0438\u0445", "\u043f\u043e\u043a\u0430\u044f\u043d\u0438\u044f", "\u0441\u0438\u0440\u0435\u043d\u0435\u0432\u043e\u043c", "\u0441\u043a\u0440\u0438\u0436\u0430\u043b\u0438", "\u043a\u0430\u0437\u043d\u0438\u0442\u044c", "\u043a\u044c\u0435\u0440\u043a\u0435\u0433\u043e\u0440", "\u043f\u0435\u0440\u0432\u044b\u0439", "\u0441\u043e\u0432\u0435\u0440\u0448\u0438\u0442\u044c", "\u043c\u0435\u0440\u044b", "\u0441\u043f\u0438\u0441\u043a\u0435", "\u0437\u044b\u0431\u043a\u043e", "\u043c\u0443\u0447\u0430\u0442\u044c", "\u043c\u043e\u043d\u0430\u0441\u0442\u044b\u0440\u044c", "\u0441\u0435\u0440\u0434\u0446\u0435", "\u0434\u0443\u0448\u0430", "\u0431\u043e\u043b\u044c\u0448\u0435", "\u043e\u0448\u0438\u0431\u043a\u0443", "\u0441\u043a\u0430\u043b\u044b", "\u0441\u043e\u0440\u043e\u043a", "\u0437\u0430\u043f\u0435\u0447\u0430\u0442\u043b\u0435\u0442\u044c", "\u0431\u0443\u0434\u0435\u0448\u044c", "\u043e\u0434\u043d\u0438\u0445", "\u043d\u0438\u0447\u0435\u0433\u043e", "\u043e\u043b\u043e\u0432\u0430", "\u0438\u0437\u0432\u0438\u043b\u0438\u043d\u044b", "\u0432\u044b\u0441\u0435\u0447\u0435\u043d\u043d\u044b\u0439", "\u0431\u043b\u0443\u0436\u0434\u0430\u0442\u044c", "\u0433\u0443\u043b\u043a\u0443\u044e", "\u0432\u044b\u0441\u0435\u043a\u0430\u044f", "\u0442\u043e\u0442", "\u0432\u044b\u0441\u0435\u0447\u0435\u043d\u043d\u044b\u0435", "\u043d\u0430\u0437\u044b\u0432\u0430\u043b", "\u043a\u043e\u0442\u043e\u0440\u043e\u043c", "\u043b\u0438\u0448\u043d\u0435\u0435", "\u0435\u0433\u0438\u043f\u0435\u0442\u0441\u043a\u0438\u0439", "\u043a\u043e\u0440\u043c\u0438\u0442\u044c\u0441\u044f", "\u0441\u0440\u043e\u043a\u0430", "\u0432\u044b\u0441\u0435\u0447\u0435\u043d\u043d\u0430\u044f", "\u0431\u043e\u0433\u0430", "\u0434\u0443\u0448\u0443", "\u0432\u043b\u0438\u0442\u044c", "\u0443\u0431\u0438\u0440\u0430\u0435\u0442", "\u043e\u043f\u0438\u0441\u043a\u043e\u0439", "\u0441\u043e\u0437\u0434\u0430\u0442\u044c", "\u043f\u0443\u0441\u0442\u043e\u0442\u0443", "\u043f\u0440\u044b\u0436\u043e\u043a", "\u0437\u0430\u043a\u0430\u0442", "\u0440\u0430\u0437\u0443\u043c\u0430", "\u0435\u0441\u043b\u0438", "\u043d\u0430\u0440\u0443\u0448\u0438\u0432"]');
INSERT INTO "id_json_words" VALUES(18,'["\u0431\u0440\u043e\u0441\u044c", "\u043a\u043e\u0440\u043d\u0438", "\u0443\u043f\u0440\u0430\u0432\u043b\u0435\u043d\u0438\u0438", "\u0449\u044b\u043b", "\u0448\u0438\u043f\u044f\u0449\u0438\u043c", "\u043f\u044f\u0442\u0438\u043b\u0435\u0442\u043a\u043e\u0439", "\u0433\u043e\u0440\u043e\u0434\u043e\u043c", "\u0433\u043b\u0430\u0441\u043d\u044b\u043c", "\u0441\u043b\u043e\u0436\u043d\u043e\u043f\u043e\u0434\u0447\u0438\u043d\u0435\u043d\u043d\u043e\u0435", "\u0446\u0435\u043b\u0438\u0442", "\u0433\u043e\u043b\u0443\u0431\u043e\u0439", "\u0432\u0435\u043b\u0438\u0447\u0438\u0435", "\u0432\u043e\u043f\u0440\u0435\u043a\u0438", "\u0430\u043b\u0435\u0443\u0442\u0441\u043a\u043e\u0439", "\u043f\u0440\u0438\u0449\u0443\u0440", "\u043a\u0438\u0440\u043f\u0438\u0447\u0435\u0439", "\u0436\u0437\u043b", "\u043c\u0438\u043d\u043e\u0440", "\u0445\u043e\u0440\u043e\u0448\u043e", "\u0437\u0438\u044f\u0435\u0442", "\u0442\u0440\u0443\u0431\u043a\u0430\u0445", "\u0441\u043e\u0433\u043b\u0430\u0441\u043d\u044b\u0445", "\u043f\u0440\u043e\u0442\u0435\u0440\u0442\u044b", "\u0433\u0430\u0440\u043c\u043e\u0448\u043a\u0438", "\u0442\u0440\u0435\u043d\u0438\u0435", "\u0442\u0440\u0435\u0445", "\u0433\u0443\u0434\u0438\u0442", "\u0440\u0430\u0441\u0441\u0442\u0440\u0435\u043b\u044f\u043d\u043d\u044b\u0445", "\u043e\u043a\u043e\u043d\u0447\u0430\u043d\u0438\u0435\u043c", "\u0442\u0435\u043c\u043f\u0435\u0440\u0438\u0440\u043e\u0432\u0430\u043d\u043d\u044b\u0439", "\u043e\u0441\u0442\u0430\u043b\u0441\u044f", "\u043e\u0431\u043e\u0440\u0432\u0430\u043d\u043d\u044b\u0439", "\u043f\u044f\u0442", "\u0433\u0443\u0431\u043d\u043e\u0439", "\u043d\u0430\u0431\u0440\u0430\u043d\u043d\u043e\u0439", "\u0433\u043b\u0438\u043d\u044b", "\u0441\u043e\u0432\u0435\u0449\u0430\u043d\u0438\u0435", "\u0441\u043a\u0432\u043e\u0437\u044c", "\u043c\u0443\u0441\u043a\u0443\u043b\u0438\u0441\u0442\u044b\u0439", "\u0432\u043d\u0435\u0433\u043b\u0430\u0441\u043d\u043e\u0435", "\u043a\u0440\u043e\u043c\u0435\u0448\u043d\u043e\u0433\u043e", "\u0440\u0430\u0441\u043f\u0430\u044f\u043d\u043d\u044b\u0445", "\u043d\u0430\u0441\u0442\u0443\u043f\u0438\u043b", "\u043c\u0435\u0434\u043d\u044b\u0439", "\u0437\u0430\u0447\u0438\u043d", "\u0433\u0440\u044f\u0434\u0443\u0449\u0438\u0439", "\u0443\u0431\u0435\u0448\u0449\u0443\u0440", "\u0440\u0430\u0441\u0442\u0432\u043e\u0440\u0430", "\u043f\u043e\u043b\u0434\u043d\u044f", "\u0441\u043b\u0443\u0436\u0438\u043b", "\u0441\u0442\u0440\u043e\u0439", "\u0447\u0440\u0435\u0432\u043e", "\u0433\u043b\u0430\u0441\u043d\u044b\u0445", "\u0441\u043e\u0433\u043b\u0430\u0441\u043d\u044b\u043c", "\u0449\u0435\u043c\u044f\u0449\u0438\u043c", "\u0440\u0430\u0437\u044a\u044f\u0442\u044b\u0445", "\u043e\u0434\u0438\u043d", "\u043e\u0437\u043d\u0430\u0447\u0430\u0435\u0442", "\u0441\u0443\u0449\u0435\u0441\u0442\u0432\u0438\u0442\u0435\u043b\u044c\u043d\u043e\u0433\u043e", "\u0431\u0443\u043b", "\u0433\u0432\u043e\u0437\u0434\u0435\u0439", "\u0430\u043d\u0442\u0438\u0442\u0435\u043b", "\u0442\u0438\u0440\u0435", "\u043f\u0435\u0442\u044c", "\u043e\u0441\u0443\u0449\u0435\u0441\u0442\u0432\u043b\u0435\u043d\u0438\u044f", "\u0441\u0432\u0438\u0441\u0442\u044f\u0449\u0438\u043c", "\u0440\u0438\u0444\u043c\u044b", "\u0442\u0440\u0435\u0441\u043d\u0443\u0432\u0448\u0435\u0439", "\u043e\u043f\u0430\u0441\u043d\u043e", "\u043d\u0430\u0442\u044f\u043d\u0443\u0442\u044b\u0439", "\u043e\u043a\u043e\u043d\u0447\u0430\u043d\u0438\u0435", "\u043d\u043e\u0447\u044c", "\u043d\u0438\u0447\u0435\u0439", "\u043d\u0435\u043d\u0430\u0441\u0442\u043d\u043e\u0433\u043e", "\u043f\u043e\u0434\u0437\u043e\u0440\u043d\u044b\u0435", "\u0437\u0432\u0443\u043a\u0438", "\u0434\u044b\u0440", "\u0434\u0435\u043d\u044c", "\u043a\u0430\u0436\u0434\u044b\u0439", "\u043d\u043e\u0447\u044c", "\u043d\u043e\u0432\u043e\u0434\u0435\u043b", "\u043f\u0443\u0441\u0442\u043e\u0442\u044b"]');
INSERT INTO "id_json_words" VALUES(19,'["\u043d\u0430\u0432\u0430\u0436\u0434\u0435\u043d\u044c\u0435", "\u0434\u0443\u0440\u043c\u0430\u043d\u0438\u0442", "\u043e\u0441\u0442\u0430\u0442\u043a\u0435", "\u0434\u0443\u0448\u0438", "\u043a\u043e\u0441\u043c\u0438\u0447\u0435\u0441\u043a\u043e\u0439", "\u0431\u0430\u0440\u0430\u043d\u0438\u0439", "\u0441\u043f\u043e\u0441\u043e\u0431\u0435\u043d", "\u043e\u0442\u043a\u0440\u044b\u0432\u0430\u0435\u0442", "\u0441\u0443\u0442\u044c", "\u043a\u0440\u043e\u0432\u0438", "\u043e\u043f\u0440\u0430\u0432\u0435", "\u043b\u0438\u043a", "\u0442\u043e\u0441\u043a\u0430", "\u043e\u043f\u0430\u0434\u0443\u0442", "\u043f\u043e\u0442\u0435\u0440\u044f\u0435\u0442", "\u0441\u0443\u0445\u043e\u043c", "\u0441\u043e\u0439\u0434\u0435\u0442", "\u0441\u043c\u043e\u0442\u0440\u044f\u0449\u0438\u0439", "\u0443\u0437\u043d\u0430\u0435\u0448\u044c", "\u0434\u0443\u0445", "\u0440\u0430\u0441\u0441\u0442\u0430\u0432\u0430\u043d\u0438\u0439", "\u0432\u0435\u0442\u0440\u0430", "\u043a\u043e\u0441\u0442\u0440\u0435", "\u0442\u0432\u043e\u0439", "\u0433\u043e\u043b\u043e\u0432\u044b", "\u043f\u043e\u0433\u0430\u0441\u0438\u0442\u044c", "\u0434\u0435\u043d\u044c", "\u0437\u0440\u0435\u043d\u044c\u0435", "\u0438\u0437\u043c\u0435\u043d", "\u0432\u044b\u043f\u0440\u044f\u043c\u0438\u0442\u044c", "\u0434\u0435\u043b\u043e", "\u043b\u0430\u043a\u0440\u0438\u0439\u0441\u043a\u0438\u0439", "\u0435\u043b\u0435\u043d\u0430", "\u0432\u043e\u043b\u043d\u043e\u0439", "\u043e\u043b\u0438\u0432\u043a\u043e\u0432\u043e\u0439", "\u0437\u0432\u0443\u0447\u0430\u0449\u0435\u0439", "\u043f\u0440\u0438\u043a\u043b\u0430\u0434\u044b\u0432\u0430\u0435\u0442", "\u043e\u0433\u043d\u0435\u043d\u043d\u044b\u0439", "\u0433\u043e\u043b\u043e\u0432\u0443", "\u0440\u0430\u0434\u043e\u0441\u0442\u044c\u044e", "\u0442\u043e\u0441\u043a\u0438", "\u0432\u0441\u0442\u0440\u0435\u0447\u0430\u0435\u0442", "\u0436\u0435\u0440\u0442\u0432\u044b", "\u043f\u0435\u0440\u0435\u043c\u0435\u043d", "\u0442\u043e\u0441\u043a\u0443", "\u0448\u0435\u043b\u0435\u0441\u0442", "\u0441\u0443\u0434\u044c\u0431\u0430", "\u043f\u043b\u0430\u0442\u043e\u043d", "\u0441\u0440\u0435\u0434\u044c", "\u0441\u0438\u043b\u044c\u043d\u044b\u0439", "\u0446\u0432\u0435\u0442\u0435\u0442", "\u0441\u043c\u0435\u0440\u0442\u043d\u044b\u0445", "\u0436\u0430\u0436\u0434\u0443", "\u043f\u0435\u0449\u0435\u0440\u0435", "\u0438\u0441\u0446\u0435\u043b\u0438\u0442\u044c", "\u043f\u0440\u0435\u0434\u043b\u043e\u0433", "\u0430\u043b\u0447\u0443\u0449\u0435\u0433\u043e", "\u0442\u0440\u0430\u0432", "\u0434\u0443\u0442\u044c", "\u0441\u043f\u043b\u0430\u0432\u0435", "\u0438\u0437\u043c\u0435\u043d\u0435\u043d\u044c\u044f", "\u0437\u043e\u043b\u043e\u044e", "\u043f\u043e\u043b\u0435\u043d\u044c\u044f", "\u0437\u043d\u0430\u0435\u0442", "\u043f\u0440\u044f\u043d\u044b\u0445"]');
INSERT INTO "id_json_words" VALUES(20,'["\u0431\u0430\u0434\u044c\u044f\u043d", "\u0434\u043b\u0438\u0442\u044c", "\u0446\u043e\u043a\u0430\u0435\u0442", "\u043a\u0440\u0443\u0436\u043a\u0438", "\u043e\u0447\u0435\u0440\u0442\u0438\u0432\u0448\u0430\u044f", "\u0438\u0437\u043e\u0431\u0440\u0435\u0442\u0430\u044e\u0449\u0438\u0439", "\u0438\u0437\u044a\u044f\u043d", "\u0442\u0440\u0443\u0431\u0447\u0430\u0442\u043e\u0439", "\u043d\u0430\u0440\u043e\u0441\u0442\u0430\u0445", "\u0440\u0430\u0437\u043e\u043c\u043a\u043d\u0443\u0442\u044b\u0445", "\u0431\u0443\u0434\u0443\u0442", "\u043a\u043e\u043f\u044b\u0442\u043e\u043c", "\u043e\u0433\u043e\u043d\u044c", "\u0443\u043c\u044b\u0442\u043e\u043c", "\u0434\u043e\u0436\u0434\u044f", "\u0441\u043e\u043d\u043d\u044b\u0439", "\u0432\u044b\u043f\u043b\u0435\u0441\u043d\u0443\u043b\u0430", "\u0432\u0435\u0447\u043d\u044b\u0439", "\u0442\u0435\u043f\u0435\u0440\u044c", "\u043a\u043e\u0442\u043e\u0440\u044b\u0445", "\u0434\u043e\u043c\u043e\u0432", "\u0442\u0440\u0443\u0431\u0430\u0447", "\u0432\u0435\u0449\u0438", "\u0441\u0442\u043e\u0438\u0442", "\u0434\u043b\u0438\u0442\u044c\u0441\u044f", "\u043a\u0430\u0440\u0442\u0435\u0437\u0438\u0439", "\u0442\u044f\u0436\u0435\u043d\u043d\u044b\u0435", "\u0433\u0430\u0441\u043d\u0435\u0442", "\u0446\u0438\u043d\u043a\u043e\u0432\u043e\u0439", "\u043e\u0448\u0438\u0431\u0441\u044f", "\u0445\u0440\u0443\u0441\u0442\u0430\u043b\u0438\u043a\u0435", "\u0434\u043e\u0436\u0434\u043b\u0438\u0432\u044b\u0439", "\u0432\u0435\u0434\u0440\u043e", "\u0432\u044b\u0441\u0432\u0435\u0440\u043b\u0438\u0442\u044c", "\u043b\u0435\u0433\u043a\u043e\u0432\u0435\u0441\u043d\u043e\u0435", "\u043a\u0430\u0440\u043c\u0430\u043d\u0430\u0445", "\u0441\u043a\u0443\u043f\u044b\u0445", "\u0431\u043e\u0433\u0430", "\u0438\u0437\u044a\u044f\u043b\u0438", "\u0434\u0432\u0435\u0440\u044c", "\u0437\u0430\u0431\u0440\u043e\u0448\u0435\u043d\u043d\u044b\u0439", "\u0447\u0435\u0440\u0435\u0437", "\u0430\u0441\u0444\u0430\u043b\u044c\u0442\u0435", "\u0432\u0435\u043d\u043e\u0437\u043d\u044b\u0445", "\u043a\u0440\u044b\u0448\u0435"]');
INSERT INTO "id_json_words" VALUES(21,'["\u043a\u043e\u0442\u043e\u0440\u0443\u044e", "\u0437\u0430\u043c\u044f\u0442\u0438\u043d\u0430", "\u043d\u0430\u0434\u0435\u0436\u0430", "\u043e\u043a\u043e\u043d\u0446\u0435", "\u043d\u043e\u0435\u0442", "\u0431\u0435\u043b\u043a\u0430", "\u0441\u0430\u043c\u043e\u043c", "\u0437\u0438\u043c\u044b", "\u0442\u0443\u043b\u0443\u043f\u0435", "\u0441\u0442\u0440\u0435\u043b\u043a\u0430", "\u0441\u0435\u043a\u0443\u043d\u0434\u043d\u0430\u044f", "\u043f\u0435\u0440\u0435\u043b\u043e\u043c\u0430", "\u0432\u0435\u0441\u043d\u0435", "\u0431\u044a\u0435\u0442\u0441\u044f", "\u0441\u0435\u0440\u0434\u0446\u0435\u0432\u0438\u043d\u0435", "\u043f\u0440\u043e\u0433\u0443\u043b\u043a\u0443", "\u0434\u0435\u043a\u0430\u0431\u0440\u044c\u0441\u043a\u043e\u0433\u043e", "\u0432\u044b\u0433\u0440\u044b\u0437\u043b\u0430", "\u0436\u0438\u0432\u0443", "\u043c\u0443\u0445\u0430", "\u0442\u043e\u0441\u043a\u043b\u0438\u0432\u043e", "\u043c\u043d\u043e\u0433\u043e\u044d\u0442\u0436\u043d\u043e\u0433\u043e", "\u0432\u0435\u0440\u0445\u0443", "\u0441\u0430\u043c\u043e\u0439"]');
INSERT INTO "id_json_words" VALUES(22,'["\u0444\u0430\u0441\u0435\u0442\u043e\u0447\u043d\u044b\u0439", "\u043f\u043e\u043a\u0430\u0442\u044b\u043c\u0438", "\u0433\u043e\u0440\u0443", "\u0437\u0430\u0442\u043e\u043a\u0438", "\u0437\u0430\u043e\u0434\u043d\u043e", "\u0437\u0430\u0431\u044b\u0442\u044c", "\u0437\u0430\u043d\u043e\u0432\u043e", "\u0437\u0430\u0437\u043d\u043e\u0431\u0430", "\u0437\u0430\u0447\u0435\u0440\u043f\u043d\u0443\u0432\u0448\u0435\u0433\u043e", "\u0439\u043e\u0442\u0443", "\u0437\u0430\u043f\u0438\u0442\u044c", "\u0437\u0430\u043f\u0440\u0443\u0436\u0435\u043d\u0430", "\u0437\u0430\u0434\u0443\u043c\u0430\u0442\u044c", "\u043d\u0435\u0432\u043e\u0434", "\u0437\u0430\u0443\u0441\u0435\u043d\u0446\u0430\u043c\u0438", "\u0437\u0430\u043e\u0431\u0430", "\u0437\u0430\u0431\u044b\u0442\u044c", "\u0437\u0430\u0432\u0435\u0440\u0448\u0438\u0435", "\u0441\u0442\u0440\u0435\u043a\u043e\u0437\u0430", "\u043f\u0440\u043e\u0441\u0442\u0440\u0430\u043d\u0441\u0442\u0432\u0430", "\u043a\u0430\u0436\u0434\u044b\u043c", "\u0434\u043d\u043e", "\u044d\u0445\u043e\u043c", "\u0437\u0430\u0432\u043e\u0434\u0438", "\u0437\u0430\u0431\u0440\u043e\u0434\u0443", "\u043b\u0435\u0442\u0443", "\u0437\u0430\u0443\u043c\u0438", "\u0433\u043b\u0430\u0433\u043e\u043b\u044f\u0449\u0438\u0439", "\u0437\u0430\u043d\u043e\u0437\u0430", "\u0437\u043b\u043e\u0431\u0430", "\u0437\u043e\u0440\u043a\u0438\u043c\u0438", "\u043e\u0442\u043a\u0440\u044b\u0432\u0430\u0435\u0442\u0441\u044f", "\u0433\u0443\u0441\u0435\u043d\u0438\u0446\u0430", "\u0433\u0440\u043e\u0437\u0430", "\u043b\u0430\u0437\u0443\u0440\u043d\u044b\u0439", "\u0441\u043a\u043b\u043e\u043d\u0430\u043c\u0438", "\u043f\u043e\u0434\u043d\u0438\u043c\u0430\u0435\u0448\u044c\u0441\u044f", "\u0437\u0430\u0441\u043a\u043e\u0440\u0443\u0437\u043b\u0443\u044e", "\u0433\u043b\u0430\u0434\u043e\u043c", "\u043b\u0430\u0434\u043e\u043c", "\u0431\u044b\u0442\u044c"]');
COMMIT;
